Precip,Sample_AEP
9.604033152,AEP = 0.1
9.44258506,AEP = 0.1
9.582514124,AEP = 0.1
9.411503348,AEP = 0.1
9.402747435,AEP = 0.1
9.761263637,AEP = 0.1
10.01700675,AEP = 0.1
9.736542717,AEP = 0.1
9.976415249,AEP = 0.1
9.394906171,AEP = 0.1
9.75446568,AEP = 0.1
9.442678183,AEP = 0.1
9.41367551,AEP = 0.1
9.481383673,AEP = 0.1
9.536371485,AEP = 0.1
9.317638691,AEP = 0.1
9.936506012,AEP = 0.1
9.040945445,AEP = 0.1
9.649887167,AEP = 0.1
9.538871425,AEP = 0.1
9.583380796,AEP = 0.1
9.723453317,AEP = 0.1
9.741874674,AEP = 0.1
9.689091331,AEP = 0.1
9.313554996,AEP = 0.1
9.458409364,AEP = 0.1
9.523325685,AEP = 0.1
9.277149566,AEP = 0.1
9.517545906,AEP = 0.1
10.18254254,AEP = 0.1
9.831241215,AEP = 0.1
9.369965726,AEP = 0.1
9.439149748,AEP = 0.1
9.693004428,AEP = 0.1
9.857081746,AEP = 0.1
9.924689436,AEP = 0.1
9.834784247,AEP = 0.1
9.906949024,AEP = 0.1
9.239681092,AEP = 0.1
9.472896076,AEP = 0.1
9.482482261,AEP = 0.1
9.928068208,AEP = 0.1
9.850630696,AEP = 0.1
9.66503637,AEP = 0.1
10.00337438,AEP = 0.1
9.514091007,AEP = 0.1
9.238852177,AEP = 0.1
9.733995956,AEP = 0.1
9.596866065,AEP = 0.1
9.950423868,AEP = 0.1
9.591457366,AEP = 0.1
9.657377948,AEP = 0.1
9.858509737,AEP = 0.1
9.589495194,AEP = 0.1
9.282167203,AEP = 0.1
9.695829884,AEP = 0.1
9.996591453,AEP = 0.1
9.549501555,AEP = 0.1
9.790152187,AEP = 0.1
9.594162713,AEP = 0.1
9.789026694,AEP = 0.1
9.671380055,AEP = 0.1
9.653901229,AEP = 0.1
9.744759841,AEP = 0.1
9.652946069,AEP = 0.1
9.617962809,AEP = 0.1
9.548534013,AEP = 0.1
10.19207306,AEP = 0.1
9.341785162,AEP = 0.1
9.837668152,AEP = 0.1
9.678821335,AEP = 0.1
9.90526639,AEP = 0.1
9.637262044,AEP = 0.1
9.810600272,AEP = 0.1
9.586234699,AEP = 0.1
10.01021313,AEP = 0.1
9.667113704,AEP = 0.1
9.782757376,AEP = 0.1
9.633827888,AEP = 0.1
9.787204855,AEP = 0.1
9.50152001,AEP = 0.1
10.20243935,AEP = 0.1
9.688378625,AEP = 0.1
9.555934999,AEP = 0.1
9.565373105,AEP = 0.1
9.636921408,AEP = 0.1
9.181276181,AEP = 0.1
9.834964843,AEP = 0.1
9.479744994,AEP = 0.1
9.939763772,AEP = 0.1
10.03940391,AEP = 0.1
8.94538806,AEP = 0.1
9.610217714,AEP = 0.1
9.590446915,AEP = 0.1
9.718882147,AEP = 0.1
9.491357336,AEP = 0.1
9.405890154,AEP = 0.1
9.839121303,AEP = 0.1
9.368359889,AEP = 0.1
9.789747385,AEP = 0.1
9.377620124,AEP = 0.1
9.619741514,AEP = 0.1
9.413545156,AEP = 0.1
10.13420464,AEP = 0.1
9.769657687,AEP = 0.1
9.563204789,AEP = 0.1
9.930303375,AEP = 0.1
9.891100529,AEP = 0.1
9.410628522,AEP = 0.1
9.705191245,AEP = 0.1
9.499742279,AEP = 0.1
9.885999792,AEP = 0.1
9.637237346,AEP = 0.1
9.768489577,AEP = 0.1
9.513011436,AEP = 0.1
10.08716193,AEP = 0.1
9.735599977,AEP = 0.1
9.825258348,AEP = 0.1
9.714407866,AEP = 0.1
9.807931153,AEP = 0.1
10.12614342,AEP = 0.1
9.933048836,AEP = 0.1
9.617877709,AEP = 0.1
9.554095938,AEP = 0.1
9.616566924,AEP = 0.1
9.424834107,AEP = 0.1
9.644129918,AEP = 0.1
9.910332736,AEP = 0.1
10.06634384,AEP = 0.1
9.598795078,AEP = 0.1
9.789129476,AEP = 0.1
10.08217983,AEP = 0.1
9.659140365,AEP = 0.1
9.485419855,AEP = 0.1
9.626899311,AEP = 0.1
9.745958304,AEP = 0.1
9.867015965,AEP = 0.1
9.602591284,AEP = 0.1
9.380483495,AEP = 0.1
9.636056948,AEP = 0.1
9.752409635,AEP = 0.1
9.940169704,AEP = 0.1
9.665629752,AEP = 0.1
9.637946805,AEP = 0.1
9.756581647,AEP = 0.1
9.652101219,AEP = 0.1
9.641706956,AEP = 0.1
9.386274025,AEP = 0.1
10.00144415,AEP = 0.1
9.468188434,AEP = 0.1
9.467139763,AEP = 0.1
9.624213326,AEP = 0.1
9.745762356,AEP = 0.1
9.912085176,AEP = 0.1
9.878135121,AEP = 0.1
9.753605541,AEP = 0.1
9.648093446,AEP = 0.1
9.206838823,AEP = 0.1
9.718035997,AEP = 0.1
9.456545355,AEP = 0.1
9.762906758,AEP = 0.1
9.527659381,AEP = 0.1
9.839274998,AEP = 0.1
9.608244623,AEP = 0.1
9.349971352,AEP = 0.1
9.919397241,AEP = 0.1
9.87372731,AEP = 0.1
9.88557408,AEP = 0.1
9.684420919,AEP = 0.1
9.491327107,AEP = 0.1
9.586720685,AEP = 0.1
9.94301101,AEP = 0.1
9.875472183,AEP = 0.1
9.250385821,AEP = 0.1
9.485647051,AEP = 0.1
9.838691332,AEP = 0.1
9.769544214,AEP = 0.1
10.14841747,AEP = 0.1
9.942151728,AEP = 0.1
9.607491634,AEP = 0.1
9.662644702,AEP = 0.1
10.22296262,AEP = 0.1
9.902476387,AEP = 0.1
9.640731355,AEP = 0.1
9.286824357,AEP = 0.1
9.77976337,AEP = 0.1
9.642741113,AEP = 0.1
9.67460785,AEP = 0.1
9.682281611,AEP = 0.1
9.694378831,AEP = 0.1
9.790480325,AEP = 0.1
9.356048946,AEP = 0.1
9.9551062,AEP = 0.1
9.626661826,AEP = 0.1
9.909689071,AEP = 0.1
9.539572744,AEP = 0.1
9.734571201,AEP = 0.1
10.07151504,AEP = 0.1
9.843656673,AEP = 0.1
9.921087852,AEP = 0.1
9.577485109,AEP = 0.1
9.646316072,AEP = 0.1
9.478206395,AEP = 0.1
9.46424907,AEP = 0.1
9.453620372,AEP = 0.1
9.681307706,AEP = 0.1
9.704290879,AEP = 0.1
9.887765519,AEP = 0.1
9.849507293,AEP = 0.1
9.523438491,AEP = 0.1
9.817305112,AEP = 0.1
9.807280975,AEP = 0.1
9.711831282,AEP = 0.1
9.421331343,AEP = 0.1
9.847818346,AEP = 0.1
9.909216648,AEP = 0.1
9.919612204,AEP = 0.1
9.70840425,AEP = 0.1
9.930598809,AEP = 0.1
9.950789883,AEP = 0.1
9.311997984,AEP = 0.1
9.806489281,AEP = 0.1
9.636526909,AEP = 0.1
9.898892632,AEP = 0.1
9.729402479,AEP = 0.1
9.778470517,AEP = 0.1
9.937196394,AEP = 0.1
9.88323118,AEP = 0.1
9.564500046,AEP = 0.1
9.59776892,AEP = 0.1
10.0158635,AEP = 0.1
10.16496671,AEP = 0.1
9.53074708,AEP = 0.1
9.524608924,AEP = 0.1
9.383801738,AEP = 0.1
9.719353446,AEP = 0.1
9.46365088,AEP = 0.1
9.545417225,AEP = 0.1
9.814786182,AEP = 0.1
9.219803699,AEP = 0.1
9.552705955,AEP = 0.1
9.552963323,AEP = 0.1
9.686716998,AEP = 0.1
9.771403937,AEP = 0.1
9.590703082,AEP = 0.1
9.55621373,AEP = 0.1
9.653118754,AEP = 0.1
9.953336198,AEP = 0.1
9.236459694,AEP = 0.1
9.431871261,AEP = 0.1
9.695474665,AEP = 0.1
9.825902169,AEP = 0.1
9.375300546,AEP = 0.1
10.00753762,AEP = 0.1
9.862705382,AEP = 0.1
9.43828876,AEP = 0.1
9.500572625,AEP = 0.1
9.774278192,AEP = 0.1
9.822904602,AEP = 0.1
9.516076316,AEP = 0.1
9.945955903,AEP = 0.1
9.618913237,AEP = 0.1
9.367934554,AEP = 0.1
9.608103071,AEP = 0.1
9.440738631,AEP = 0.1
9.7218383,AEP = 0.1
9.957724512,AEP = 0.1
9.388137874,AEP = 0.1
9.635331336,AEP = 0.1
9.752508628,AEP = 0.1
9.736494922,AEP = 0.1
9.460035222,AEP = 0.1
9.65285085,AEP = 0.1
9.807776386,AEP = 0.1
9.878129716,AEP = 0.1
9.571853008,AEP = 0.1
9.812992459,AEP = 0.1
9.644683213,AEP = 0.1
9.78715996,AEP = 0.1
9.291812743,AEP = 0.1
9.681821807,AEP = 0.1
9.891276295,AEP = 0.1
9.447268003,AEP = 0.1
10.3078325,AEP = 0.1
10.21081783,AEP = 0.1
9.901438934,AEP = 0.1
9.896726618,AEP = 0.1
9.5839041,AEP = 0.1
9.681288548,AEP = 0.1
9.965985079,AEP = 0.1
10.01554617,AEP = 0.1
9.877197838,AEP = 0.1
10.10327619,AEP = 0.1
9.92657468,AEP = 0.1
9.544013477,AEP = 0.1
9.535313453,AEP = 0.1
9.772279243,AEP = 0.1
9.432746045,AEP = 0.1
9.586368497,AEP = 0.1
9.573547472,AEP = 0.1
9.940215808,AEP = 0.1
9.665715751,AEP = 0.1
9.3344781,AEP = 0.1
9.856773154,AEP = 0.1
9.522632556,AEP = 0.1
9.734239404,AEP = 0.1
9.87212153,AEP = 0.1
9.544262951,AEP = 0.1
9.4193521,AEP = 0.1
9.779535157,AEP = 0.1
9.401268465,AEP = 0.1
9.706880547,AEP = 0.1
9.561918098,AEP = 0.1
9.616254482,AEP = 0.1
9.604548818,AEP = 0.1
9.540392855,AEP = 0.1
9.339980407,AEP = 0.1
9.406851429,AEP = 0.1
9.986088373,AEP = 0.1
9.779552264,AEP = 0.1
9.669677867,AEP = 0.1
9.898406276,AEP = 0.1
9.735734599,AEP = 0.1
9.198471461,AEP = 0.1
9.970967913,AEP = 0.1
9.413882278,AEP = 0.1
9.654454574,AEP = 0.1
9.912340232,AEP = 0.1
9.606468044,AEP = 0.1
9.913544247,AEP = 0.1
9.703662512,AEP = 0.1
9.672208437,AEP = 0.1
10.25933137,AEP = 0.1
9.654811702,AEP = 0.1
9.748323951,AEP = 0.1
9.981635393,AEP = 0.1
10.11727577,AEP = 0.1
9.635866156,AEP = 0.1
9.305749233,AEP = 0.1
10.11057257,AEP = 0.1
9.981323122,AEP = 0.1
9.863374942,AEP = 0.1
9.70434459,AEP = 0.1
9.779817733,AEP = 0.1
9.408582358,AEP = 0.1
9.583435163,AEP = 0.1
9.959588162,AEP = 0.1
9.482665737,AEP = 0.1
9.509746044,AEP = 0.1
9.40294469,AEP = 0.1
9.648497604,AEP = 0.1
9.347444675,AEP = 0.1
9.386323232,AEP = 0.1
9.481702789,AEP = 0.1
9.883933512,AEP = 0.1
10.30709636,AEP = 0.1
9.263546541,AEP = 0.1
9.948268905,AEP = 0.1
9.167736506,AEP = 0.1
9.767279981,AEP = 0.1
9.714279666,AEP = 0.1
9.494201389,AEP = 0.1
9.713691531,AEP = 0.1
9.804566106,AEP = 0.1
9.892838525,AEP = 0.1
9.515916263,AEP = 0.1
9.681249095,AEP = 0.1
9.6297935,AEP = 0.1
9.800020337,AEP = 0.1
9.352613769,AEP = 0.1
10.05189772,AEP = 0.1
9.512778074,AEP = 0.1
9.498555363,AEP = 0.1
9.550712716,AEP = 0.1
9.41687818,AEP = 0.1
9.517013989,AEP = 0.1
9.541305179,AEP = 0.1
9.481085848,AEP = 0.1
9.551244914,AEP = 0.1
9.60591305,AEP = 0.1
9.601813396,AEP = 0.1
9.560566339,AEP = 0.1
9.792064762,AEP = 0.1
9.46097726,AEP = 0.1
9.543153902,AEP = 0.1
9.445352665,AEP = 0.1
9.522292409,AEP = 0.1
9.645739651,AEP = 0.1
9.524168675,AEP = 0.1
9.545300616,AEP = 0.1
10.0630739,AEP = 0.1
9.53640174,AEP = 0.1
9.867741442,AEP = 0.1
9.42570355,AEP = 0.1
9.956571742,AEP = 0.1
9.735868666,AEP = 0.1
9.670154133,AEP = 0.1
9.606475705,AEP = 0.1
9.377489184,AEP = 0.1
10.25307813,AEP = 0.1
9.30770807,AEP = 0.1
9.731149431,AEP = 0.1
9.499984275,AEP = 0.1
9.447189919,AEP = 0.1
9.85737632,AEP = 0.1
10.17644619,AEP = 0.1
10.00289787,AEP = 0.1
9.906079109,AEP = 0.1
10.00786319,AEP = 0.1
9.848800506,AEP = 0.1
9.799968795,AEP = 0.1
9.738438807,AEP = 0.1
9.629542057,AEP = 0.1
9.716765946,AEP = 0.1
9.602314883,AEP = 0.1
9.680382366,AEP = 0.1
9.664218597,AEP = 0.1
9.660075457,AEP = 0.1
9.746997395,AEP = 0.1
9.863988011,AEP = 0.1
9.851912022,AEP = 0.1
9.949918391,AEP = 0.1
9.308793184,AEP = 0.1
9.700829576,AEP = 0.1
9.550639465,AEP = 0.1
9.772698467,AEP = 0.1
9.575225754,AEP = 0.1
9.494851872,AEP = 0.1
9.435423305,AEP = 0.1
9.482703073,AEP = 0.1
9.491173232,AEP = 0.1
9.675237923,AEP = 0.1
9.929025101,AEP = 0.1
9.609821797,AEP = 0.1
9.881485829,AEP = 0.1
9.581662625,AEP = 0.1
9.35313487,AEP = 0.1
9.321351265,AEP = 0.1
9.987789807,AEP = 0.1
9.484330715,AEP = 0.1
9.784388234,AEP = 0.1
9.562726715,AEP = 0.1
9.697127399,AEP = 0.1
9.687954652,AEP = 0.1
9.879125999,AEP = 0.1
9.800504134,AEP = 0.1
9.527078323,AEP = 0.1
9.529386269,AEP = 0.1
9.426020845,AEP = 0.1
9.532259172,AEP = 0.1
9.88282102,AEP = 0.1
9.877852065,AEP = 0.1
9.916532343,AEP = 0.1
9.470409607,AEP = 0.1
9.804056599,AEP = 0.1
9.627971427,AEP = 0.1
9.998220509,AEP = 0.1
9.656668034,AEP = 0.1
9.681098847,AEP = 0.1
9.530055742,AEP = 0.1
9.396552871,AEP = 0.1
9.579749835,AEP = 0.1
9.3874024,AEP = 0.1
9.708935913,AEP = 0.1
9.607567662,AEP = 0.1
9.248233499,AEP = 0.1
9.461504313,AEP = 0.1
9.719700102,AEP = 0.1
10.00531485,AEP = 0.1
9.60214286,AEP = 0.1
9.616002092,AEP = 0.1
9.602554597,AEP = 0.1
9.607187715,AEP = 0.1
9.393403853,AEP = 0.1
9.637206718,AEP = 0.1
9.569369465,AEP = 0.1
9.69428591,AEP = 0.1
9.879456871,AEP = 0.1
9.359568937,AEP = 0.1
9.489176794,AEP = 0.1
9.966853022,AEP = 0.1
9.227223748,AEP = 0.1
9.102333199,AEP = 0.1
9.54912855,AEP = 0.1
9.350999064,AEP = 0.1
9.490776706,AEP = 0.1
9.430339946,AEP = 0.1
9.444559334,AEP = 0.1
9.432308517,AEP = 0.1
9.51420897,AEP = 0.1
9.287686679,AEP = 0.1
9.701997113,AEP = 0.1
9.677668981,AEP = 0.1
9.579130529,AEP = 0.1
9.505745746,AEP = 0.1
9.65119756,AEP = 0.1
9.983172691,AEP = 0.1
9.625412231,AEP = 0.1
9.342053812,AEP = 0.1
9.244078013,AEP = 0.1
9.796584441,AEP = 0.1
9.759762396,AEP = 0.1
9.865743724,AEP = 0.1
9.676760115,AEP = 0.1
9.257278139,AEP = 0.1
9.715045412,AEP = 0.1
9.127615194,AEP = 0.1
9.876028115,AEP = 0.1
9.692292819,AEP = 0.1
9.351826252,AEP = 0.1
9.730149737,AEP = 0.1
9.589140975,AEP = 0.1
9.770537802,AEP = 0.1
9.566443142,AEP = 0.1
9.663299837,AEP = 0.1
9.481963644,AEP = 0.1
9.238865154,AEP = 0.1
9.802601589,AEP = 0.1
9.603899133,AEP = 0.1
10.03151325,AEP = 0.1
9.572130592,AEP = 0.1
9.570963397,AEP = 0.1
9.376186916,AEP = 0.1
9.345774205,AEP = 0.1
10.05941652,AEP = 0.1
9.778226369,AEP = 0.1
9.501626264,AEP = 0.1
9.807429358,AEP = 0.1
9.776244703,AEP = 0.1
10.03205643,AEP = 0.1
9.675641074,AEP = 0.1
9.748595095,AEP = 0.1
9.625810986,AEP = 0.1
9.547337238,AEP = 0.1
9.700468085,AEP = 0.1
9.714119254,AEP = 0.1
9.493347499,AEP = 0.1
9.636552518,AEP = 0.1
9.437647112,AEP = 0.1
9.360535542,AEP = 0.1
9.569578526,AEP = 0.1
9.541298609,AEP = 0.1
9.495428401,AEP = 0.1
9.351089394,AEP = 0.1
10.05873797,AEP = 0.1
9.688255768,AEP = 0.1
9.559919163,AEP = 0.1
9.839036469,AEP = 0.1
9.699901764,AEP = 0.1
9.669674152,AEP = 0.1
9.475521758,AEP = 0.1
9.744118033,AEP = 0.1
9.699654714,AEP = 0.1
9.753758114,AEP = 0.1
9.890954194,AEP = 0.1
9.547137847,AEP = 0.1
9.696825355,AEP = 0.1
9.677213334,AEP = 0.1
9.795991298,AEP = 0.1
9.728658149,AEP = 0.1
9.484040404,AEP = 0.1
9.747878896,AEP = 0.1
9.945354191,AEP = 0.1
9.530372431,AEP = 0.1
9.853423989,AEP = 0.1
9.778031513,AEP = 0.1
9.482788008,AEP = 0.1
9.651493327,AEP = 0.1
9.811833084,AEP = 0.1
9.308058575,AEP = 0.1
9.739683488,AEP = 0.1
9.794916533,AEP = 0.1
9.428872544,AEP = 0.1
9.802800526,AEP = 0.1
9.409423642,AEP = 0.1
9.754152953,AEP = 0.1
9.456495098,AEP = 0.1
9.711526281,AEP = 0.1
9.45854154,AEP = 0.1
10.0495034,AEP = 0.1
9.594496788,AEP = 0.1
9.397356091,AEP = 0.1
9.675573251,AEP = 0.1
9.4457214,AEP = 0.1
9.802066344,AEP = 0.1
9.807279831,AEP = 0.1
9.89502383,AEP = 0.1
9.957727224,AEP = 0.1
10.10917786,AEP = 0.1
9.684902278,AEP = 0.1
9.385883486,AEP = 0.1
9.587812115,AEP = 0.1
9.44358981,AEP = 0.1
9.490422944,AEP = 0.1
9.346560622,AEP = 0.1
9.756732597,AEP = 0.1
9.819213111,AEP = 0.1
9.17250944,AEP = 0.1
9.373642441,AEP = 0.1
9.269416738,AEP = 0.1
9.774301185,AEP = 0.1
9.583863822,AEP = 0.1
9.765010164,AEP = 0.1
9.432918661,AEP = 0.1
9.611071989,AEP = 0.1
9.477726454,AEP = 0.1
9.428130088,AEP = 0.1
9.565429756,AEP = 0.1
9.411978947,AEP = 0.1
9.504581018,AEP = 0.1
9.89701561,AEP = 0.1
10.03706883,AEP = 0.1
9.355712752,AEP = 0.1
9.753236064,AEP = 0.1
9.459933081,AEP = 0.1
9.862714262,AEP = 0.1
9.662643727,AEP = 0.1
9.410094543,AEP = 0.1
9.388154688,AEP = 0.1
9.86570675,AEP = 0.1
9.656067298,AEP = 0.1
9.94697779,AEP = 0.1
9.430648087,AEP = 0.1
9.677166176,AEP = 0.1
9.606393445,AEP = 0.1
9.884170503,AEP = 0.1
9.818009925,AEP = 0.1
9.487781097,AEP = 0.1
9.710835978,AEP = 0.1
9.854399576,AEP = 0.1
9.800326692,AEP = 0.1
9.561700256,AEP = 0.1
10.18243601,AEP = 0.1
9.949580446,AEP = 0.1
9.905197246,AEP = 0.1
9.937096974,AEP = 0.1
9.754134789,AEP = 0.1
9.770151595,AEP = 0.1
9.19733342,AEP = 0.1
9.838135172,AEP = 0.1
9.803308078,AEP = 0.1
9.743349867,AEP = 0.1
9.863389765,AEP = 0.1
9.682605491,AEP = 0.1
9.624090105,AEP = 0.1
9.608477687,AEP = 0.1
9.797441203,AEP = 0.1
9.381542896,AEP = 0.1
9.62462323,AEP = 0.1
9.579683347,AEP = 0.1
9.450689391,AEP = 0.1
9.600692887,AEP = 0.1
9.907671665,AEP = 0.1
9.843728225,AEP = 0.1
9.869605448,AEP = 0.1
9.430931519,AEP = 0.1
9.961800281,AEP = 0.1
9.763292724,AEP = 0.1
9.517355541,AEP = 0.1
9.980431444,AEP = 0.1
9.777818001,AEP = 0.1
9.761254811,AEP = 0.1
9.667037395,AEP = 0.1
9.657966588,AEP = 0.1
9.879905205,AEP = 0.1
9.649346897,AEP = 0.1
9.75905264,AEP = 0.1
9.635454215,AEP = 0.1
9.834961892,AEP = 0.1
9.551667576,AEP = 0.1
9.779940058,AEP = 0.1
9.581450652,AEP = 0.1
9.553560579,AEP = 0.1
9.494232588,AEP = 0.1
9.630692275,AEP = 0.1
9.892789015,AEP = 0.1
10.02369631,AEP = 0.1
9.482659963,AEP = 0.1
9.880501059,AEP = 0.1
9.998224572,AEP = 0.1
9.734401073,AEP = 0.1
9.719085838,AEP = 0.1
9.551781998,AEP = 0.1
9.873546754,AEP = 0.1
9.703067571,AEP = 0.1
9.77786124,AEP = 0.1
9.724955157,AEP = 0.1
9.763514261,AEP = 0.1
10.05796866,AEP = 0.1
9.915769473,AEP = 0.1
9.873991512,AEP = 0.1
9.366868055,AEP = 0.1
9.785859753,AEP = 0.1
9.940495596,AEP = 0.1
9.687935043,AEP = 0.1
9.616993341,AEP = 0.1
9.611451367,AEP = 0.1
9.461763953,AEP = 0.1
9.864411904,AEP = 0.1
10.01935415,AEP = 0.1
9.577107888,AEP = 0.1
9.68429448,AEP = 0.1
9.869799089,AEP = 0.1
9.714452904,AEP = 0.1
9.471950962,AEP = 0.1
9.266905098,AEP = 0.1
9.707190165,AEP = 0.1
9.89345251,AEP = 0.1
9.621058322,AEP = 0.1
9.514480433,AEP = 0.1
9.785980047,AEP = 0.1
9.618900469,AEP = 0.1
9.710163284,AEP = 0.1
9.616489041,AEP = 0.1
9.341243423,AEP = 0.1
9.85993504,AEP = 0.1
9.822576956,AEP = 0.1
9.48576892,AEP = 0.1
9.255576024,AEP = 0.1
9.527693851,AEP = 0.1
9.340480857,AEP = 0.1
9.638874826,AEP = 0.1
9.455258131,AEP = 0.1
9.238701737,AEP = 0.1
9.399913965,AEP = 0.1
9.974403853,AEP = 0.1
9.684022421,AEP = 0.1
9.719896387,AEP = 0.1
9.508476461,AEP = 0.1
9.469638249,AEP = 0.1
9.975029828,AEP = 0.1
9.732875756,AEP = 0.1
9.912934699,AEP = 0.1
9.83552971,AEP = 0.1
9.388475724,AEP = 0.1
9.667137055,AEP = 0.1
9.656789587,AEP = 0.1
9.590066733,AEP = 0.1
9.646640892,AEP = 0.1
9.509794729,AEP = 0.1
9.712983181,AEP = 0.1
9.49482442,AEP = 0.1
9.934778346,AEP = 0.1
9.372596828,AEP = 0.1
9.719088988,AEP = 0.1
9.599861149,AEP = 0.1
8.980905029,AEP = 0.1
9.731500605,AEP = 0.1
9.874386102,AEP = 0.1
9.449858223,AEP = 0.1
9.609074465,AEP = 0.1
9.804369485,AEP = 0.1
9.864242787,AEP = 0.1
9.697420397,AEP = 0.1
10.04476829,AEP = 0.1
9.489117821,AEP = 0.1
9.734930639,AEP = 0.1
9.742310719,AEP = 0.1
9.577195054,AEP = 0.1
9.56344349,AEP = 0.1
9.448852196,AEP = 0.1
9.894201964,AEP = 0.1
9.63110101,AEP = 0.1
9.769849328,AEP = 0.1
10.24560699,AEP = 0.1
9.985559212,AEP = 0.1
9.540093575,AEP = 0.1
9.337153994,AEP = 0.1
9.49933439,AEP = 0.1
9.475882738,AEP = 0.1
10.12535482,AEP = 0.1
9.821518768,AEP = 0.1
9.85681745,AEP = 0.1
9.408781375,AEP = 0.1
10.05987452,AEP = 0.1
9.569140352,AEP = 0.1
9.64328614,AEP = 0.1
10.05204706,AEP = 0.1
9.136123555,AEP = 0.1
9.707367037,AEP = 0.1
9.843529884,AEP = 0.1
9.274693366,AEP = 0.1
9.539104509,AEP = 0.1
9.197967355,AEP = 0.1
9.594115708,AEP = 0.1
9.876434971,AEP = 0.1
9.577305347,AEP = 0.1
9.643619924,AEP = 0.1
9.339288248,AEP = 0.1
9.37661989,AEP = 0.1
9.86544,AEP = 0.1
9.648126494,AEP = 0.1
9.350677637,AEP = 0.1
10.11887735,AEP = 0.1
9.71821555,AEP = 0.1
9.63655395,AEP = 0.1
9.503647462,AEP = 0.1
9.898825399,AEP = 0.1
9.26478554,AEP = 0.1
9.408831216,AEP = 0.1
9.843872477,AEP = 0.1
9.907924501,AEP = 0.1
9.825409579,AEP = 0.1
9.810196267,AEP = 0.1
9.302312455,AEP = 0.1
9.80714431,AEP = 0.1
9.887948531,AEP = 0.1
9.760927642,AEP = 0.1
9.931242854,AEP = 0.1
9.986593798,AEP = 0.1
9.761293128,AEP = 0.1
9.874170313,AEP = 0.1
9.951842514,AEP = 0.1
9.638958288,AEP = 0.1
9.939312973,AEP = 0.1
9.462346651,AEP = 0.1
9.610995074,AEP = 0.1
9.667014109,AEP = 0.1
9.346008432,AEP = 0.1
9.695139027,AEP = 0.1
9.805258574,AEP = 0.1
9.764599812,AEP = 0.1
9.548221802,AEP = 0.1
9.460467549,AEP = 0.1
9.715589173,AEP = 0.1
9.740159291,AEP = 0.1
9.75202699,AEP = 0.1
9.331941701,AEP = 0.1
9.526458478,AEP = 0.1
9.790882067,AEP = 0.1
9.720115022,AEP = 0.1
9.892134361,AEP = 0.1
10.12348791,AEP = 0.1
9.794395135,AEP = 0.1
9.837946265,AEP = 0.1
9.38516007,AEP = 0.1
10.05314951,AEP = 0.1
9.657225662,AEP = 0.1
9.566583532,AEP = 0.1
9.641305004,AEP = 0.1
9.778888666,AEP = 0.1
9.418218304,AEP = 0.1
9.657923974,AEP = 0.1
9.543752574,AEP = 0.1
9.685395211,AEP = 0.1
9.654774023,AEP = 0.1
9.644305932,AEP = 0.1
9.484469993,AEP = 0.1
9.613121661,AEP = 0.1
9.862661356,AEP = 0.1
9.778612492,AEP = 0.1
9.449209103,AEP = 0.1
9.620126101,AEP = 0.1
9.692774789,AEP = 0.1
9.80665462,AEP = 0.1
9.969174355,AEP = 0.1
9.575343385,AEP = 0.1
9.575471863,AEP = 0.1
10.10663726,AEP = 0.1
9.844225567,AEP = 0.1
10.12896666,AEP = 0.1
10.04941001,AEP = 0.1
9.481067752,AEP = 0.1
9.541534236,AEP = 0.1
9.287744495,AEP = 0.1
9.877299807,AEP = 0.1
9.664288318,AEP = 0.1
9.841714325,AEP = 0.1
9.547505273,AEP = 0.1
9.48964339,AEP = 0.1
9.947286893,AEP = 0.1
9.712586402,AEP = 0.1
9.851994348,AEP = 0.1
9.989319104,AEP = 0.1
9.849979588,AEP = 0.1
9.684174683,AEP = 0.1
9.470680244,AEP = 0.1
9.846767234,AEP = 0.1
9.741022915,AEP = 0.1
9.692226871,AEP = 0.1
9.445938606,AEP = 0.1
9.593450681,AEP = 0.1
9.812022634,AEP = 0.1
9.74912248,AEP = 0.1
9.738058534,AEP = 0.1
10.08418839,AEP = 0.1
9.752230484,AEP = 0.1
9.482313942,AEP = 0.1
9.501492857,AEP = 0.1
9.610843283,AEP = 0.1
9.573879864,AEP = 0.1
10.15441876,AEP = 0.1
9.29460662,AEP = 0.1
10.41464983,AEP = 0.1
9.690785292,AEP = 0.1
10.14272915,AEP = 0.1
9.603705083,AEP = 0.1
9.42564898,AEP = 0.1
9.442603713,AEP = 0.1
9.347511764,AEP = 0.1
9.866326225,AEP = 0.1
9.447457456,AEP = 0.1
9.935081757,AEP = 0.1
9.29565089,AEP = 0.1
9.646053567,AEP = 0.1
9.667933485,AEP = 0.1
9.174811261,AEP = 0.1
10.0854457,AEP = 0.1
9.716649158,AEP = 0.1
9.844616377,AEP = 0.1
9.639595812,AEP = 0.1
9.582246452,AEP = 0.1
9.685752789,AEP = 0.1
9.660731392,AEP = 0.1
9.391477716,AEP = 0.1
9.97570276,AEP = 0.1
9.528537594,AEP = 0.1
9.464056138,AEP = 0.1
9.954596538,AEP = 0.1
9.751172863,AEP = 0.1
9.528289967,AEP = 0.1
9.988823565,AEP = 0.1
9.504732795,AEP = 0.1
9.503898332,AEP = 0.1
9.563081881,AEP = 0.1
9.554819207,AEP = 0.1
9.654952411,AEP = 0.1
9.543782042,AEP = 0.1
9.263495245,AEP = 0.1
9.777684377,AEP = 0.1
9.65976512,AEP = 0.1
10.02439282,AEP = 0.1
9.588356987,AEP = 0.1
9.878982771,AEP = 0.1
9.734681354,AEP = 0.1
9.96399021,AEP = 0.1
9.780713176,AEP = 0.1
9.826285986,AEP = 0.1
9.645953344,AEP = 0.1
9.789149565,AEP = 0.1
9.714465259,AEP = 0.1
9.669594053,AEP = 0.1
9.726218951,AEP = 0.1
9.235663718,AEP = 0.1
9.700899558,AEP = 0.1
9.511977734,AEP = 0.1
9.606878337,AEP = 0.1
9.633851424,AEP = 0.1
9.627893345,AEP = 0.1
9.191308936,AEP = 0.1
9.364826235,AEP = 0.1
9.852745401,AEP = 0.1
10.02158188,AEP = 0.1
9.66021593,AEP = 0.1
9.675840443,AEP = 0.1
9.932216083,AEP = 0.1
9.410374101,AEP = 0.1
9.636628811,AEP = 0.1
9.633292347,AEP = 0.1
9.849887305,AEP = 0.1
9.793229977,AEP = 0.1
9.787394846,AEP = 0.1
9.591517154,AEP = 0.1
9.894857864,AEP = 0.1
9.689291551,AEP = 0.1
9.565058615,AEP = 0.1
9.611141307,AEP = 0.1
9.713915379,AEP = 0.1
9.463703136,AEP = 0.1
9.741893678,AEP = 0.1
9.306131527,AEP = 0.1
9.851091465,AEP = 0.1
9.611190655,AEP = 0.1
9.622486307,AEP = 0.1
9.640349278,AEP = 0.1
10.04752052,AEP = 0.1
9.561542394,AEP = 0.1
9.914177009,AEP = 0.1
9.877901477,AEP = 0.1
9.870123871,AEP = 0.1
9.941201873,AEP = 0.1
9.457523248,AEP = 0.1
9.432202561,AEP = 0.1
9.365391902,AEP = 0.1
9.762145439,AEP = 0.1
9.961255305,AEP = 0.1
9.542677886,AEP = 0.1
9.466794927,AEP = 0.1
9.545434366,AEP = 0.1
9.603849184,AEP = 0.1
9.848411075,AEP = 0.1
9.702441023,AEP = 0.1
9.278876897,AEP = 0.1
9.671284591,AEP = 0.1
9.527702652,AEP = 0.1
9.640964506,AEP = 0.1
9.757388892,AEP = 0.1
9.815241169,AEP = 0.1
9.56403918,AEP = 0.1
9.867741501,AEP = 0.1
13.94444201,AEP = 0.01
13.15818879,AEP = 0.01
13.52112842,AEP = 0.01
13.15293689,AEP = 0.01
12.6128737,AEP = 0.01
13.31580855,AEP = 0.01
15.15647387,AEP = 0.01
13.34305865,AEP = 0.01
15.4100642,AEP = 0.01
13.32116712,AEP = 0.01
13.96207415,AEP = 0.01
13.10863998,AEP = 0.01
12.57881512,AEP = 0.01
12.37007819,AEP = 0.01
13.0814234,AEP = 0.01
13.18067375,AEP = 0.01
13.83570243,AEP = 0.01
11.66340275,AEP = 0.01
13.42703972,AEP = 0.01
12.87115548,AEP = 0.01
13.39203216,AEP = 0.01
13.96568462,AEP = 0.01
13.64289535,AEP = 0.01
13.49370865,AEP = 0.01
12.96807043,AEP = 0.01
12.41325132,AEP = 0.01
12.47863519,AEP = 0.01
12.24970592,AEP = 0.01
13.09828677,AEP = 0.01
14.67096636,AEP = 0.01
14.33997847,AEP = 0.01
13.35054108,AEP = 0.01
13.13537816,AEP = 0.01
14.03782125,AEP = 0.01
13.5275766,AEP = 0.01
14.42803324,AEP = 0.01
13.91141543,AEP = 0.01
14.04408264,AEP = 0.01
12.88226501,AEP = 0.01
13.53199115,AEP = 0.01
12.65277189,AEP = 0.01
13.77376054,AEP = 0.01
15.72632992,AEP = 0.01
13.99545327,AEP = 0.01
13.68794117,AEP = 0.01
13.19728525,AEP = 0.01
12.32208509,AEP = 0.01
13.80551444,AEP = 0.01
13.54296335,AEP = 0.01
13.24457236,AEP = 0.01
13.43526968,AEP = 0.01
13.35673574,AEP = 0.01
14.2208159,AEP = 0.01
13.24894765,AEP = 0.01
12.66151214,AEP = 0.01
13.28528309,AEP = 0.01
14.53808046,AEP = 0.01
13.91439685,AEP = 0.01
14.13602431,AEP = 0.01
13.26700342,AEP = 0.01
14.76521357,AEP = 0.01
12.73560859,AEP = 0.01
13.96201095,AEP = 0.01
13.25309979,AEP = 0.01
13.0784105,AEP = 0.01
13.56212384,AEP = 0.01
12.4731731,AEP = 0.01
15.16873567,AEP = 0.01
12.69256631,AEP = 0.01
13.78933919,AEP = 0.01
13.71999545,AEP = 0.01
14.28566865,AEP = 0.01
15.03640078,AEP = 0.01
13.42353533,AEP = 0.01
13.47794262,AEP = 0.01
14.67007552,AEP = 0.01
13.51998653,AEP = 0.01
13.77041618,AEP = 0.01
13.10569997,AEP = 0.01
13.61927719,AEP = 0.01
13.45476676,AEP = 0.01
15.26066663,AEP = 0.01
14.34279769,AEP = 0.01
13.06222558,AEP = 0.01
12.38804373,AEP = 0.01
13.97399603,AEP = 0.01
12.36296104,AEP = 0.01
14.20698589,AEP = 0.01
13.53216128,AEP = 0.01
13.78714814,AEP = 0.01
15.36224184,AEP = 0.01
11.56789265,AEP = 0.01
13.03770451,AEP = 0.01
13.65810205,AEP = 0.01
14.11238363,AEP = 0.01
12.71853721,AEP = 0.01
12.79357387,AEP = 0.01
14.29980372,AEP = 0.01
13.08581319,AEP = 0.01
13.25475046,AEP = 0.01
12.6224152,AEP = 0.01
14.26059853,AEP = 0.01
12.4300097,AEP = 0.01
14.03186615,AEP = 0.01
14.0384078,AEP = 0.01
13.00003332,AEP = 0.01
13.86497311,AEP = 0.01
14.6105302,AEP = 0.01
12.68025691,AEP = 0.01
14.09017689,AEP = 0.01
12.90687116,AEP = 0.01
13.56560736,AEP = 0.01
13.29590783,AEP = 0.01
12.51091637,AEP = 0.01
13.61837169,AEP = 0.01
14.6271911,AEP = 0.01
13.24641521,AEP = 0.01
14.23266734,AEP = 0.01
14.31248788,AEP = 0.01
13.64049085,AEP = 0.01
14.41845126,AEP = 0.01
15.01978409,AEP = 0.01
13.00966247,AEP = 0.01
13.07194224,AEP = 0.01
13.39538938,AEP = 0.01
12.58965439,AEP = 0.01
13.57659429,AEP = 0.01
14.46891574,AEP = 0.01
15.2145523,AEP = 0.01
13.18210216,AEP = 0.01
13.68280772,AEP = 0.01
15.94391437,AEP = 0.01
13.1226151,AEP = 0.01
13.38016837,AEP = 0.01
13.93290884,AEP = 0.01
14.60293636,AEP = 0.01
14.0883213,AEP = 0.01
13.2345908,AEP = 0.01
12.80191508,AEP = 0.01
14.14257347,AEP = 0.01
13.6164991,AEP = 0.01
14.48730872,AEP = 0.01
12.94767694,AEP = 0.01
12.53766369,AEP = 0.01
13.7377662,AEP = 0.01
12.56027677,AEP = 0.01
14.14748447,AEP = 0.01
12.24812571,AEP = 0.01
14.52769428,AEP = 0.01
13.16085419,AEP = 0.01
12.97936389,AEP = 0.01
13.72493452,AEP = 0.01
13.62252563,AEP = 0.01
13.86352802,AEP = 0.01
14.55439361,AEP = 0.01
13.14969158,AEP = 0.01
13.20629913,AEP = 0.01
12.5288402,AEP = 0.01
13.3248953,AEP = 0.01
12.87174815,AEP = 0.01
13.14917103,AEP = 0.01
12.83140416,AEP = 0.01
14.38968075,AEP = 0.01
12.9887349,AEP = 0.01
13.02675606,AEP = 0.01
14.48729791,AEP = 0.01
14.77401273,AEP = 0.01
15.12794661,AEP = 0.01
14.16932486,AEP = 0.01
12.98028447,AEP = 0.01
13.75377938,AEP = 0.01
13.3824336,AEP = 0.01
14.07401429,AEP = 0.01
12.65664171,AEP = 0.01
13.73752777,AEP = 0.01
13.19670544,AEP = 0.01
14.61429588,AEP = 0.01
15.2540831,AEP = 0.01
14.3239822,AEP = 0.01
13.43713307,AEP = 0.01
13.51696986,AEP = 0.01
15.69454542,AEP = 0.01
14.2690781,AEP = 0.01
13.03909477,AEP = 0.01
12.87181825,AEP = 0.01
13.28189915,AEP = 0.01
13.24313581,AEP = 0.01
12.82826105,AEP = 0.01
13.04670363,AEP = 0.01
13.86043323,AEP = 0.01
13.47265627,AEP = 0.01
12.28927687,AEP = 0.01
13.93940685,AEP = 0.01
13.8183745,AEP = 0.01
13.76763877,AEP = 0.01
13.38019325,AEP = 0.01
13.18506825,AEP = 0.01
15.93197371,AEP = 0.01
14.24727406,AEP = 0.01
14.95604171,AEP = 0.01
13.86805507,AEP = 0.01
13.77954546,AEP = 0.01
13.1398699,AEP = 0.01
12.83902387,AEP = 0.01
12.59969736,AEP = 0.01
14.34051811,AEP = 0.01
13.74866204,AEP = 0.01
14.33734012,AEP = 0.01
13.7953166,AEP = 0.01
12.60162193,AEP = 0.01
13.75936726,AEP = 0.01
13.48362694,AEP = 0.01
13.41396484,AEP = 0.01
13.19016485,AEP = 0.01
14.25474516,AEP = 0.01
13.9048498,AEP = 0.01
13.86453587,AEP = 0.01
13.66079128,AEP = 0.01
14.37150357,AEP = 0.01
15.09518012,AEP = 0.01
12.54422915,AEP = 0.01
13.78957814,AEP = 0.01
13.67853138,AEP = 0.01
14.13877981,AEP = 0.01
14.35146047,AEP = 0.01
13.76094948,AEP = 0.01
14.00559539,AEP = 0.01
14.17072946,AEP = 0.01
12.8657641,AEP = 0.01
13.31371186,AEP = 0.01
14.0601281,AEP = 0.01
15.09363544,AEP = 0.01
13.14381458,AEP = 0.01
13.10368567,AEP = 0.01
12.40646149,AEP = 0.01
14.13254208,AEP = 0.01
13.5793171,AEP = 0.01
13.43441467,AEP = 0.01
14.07441267,AEP = 0.01
12.65185024,AEP = 0.01
13.64272656,AEP = 0.01
13.34350545,AEP = 0.01
13.67285934,AEP = 0.01
14.14904632,AEP = 0.01
12.85736162,AEP = 0.01
13.07552185,AEP = 0.01
14.14862987,AEP = 0.01
14.23111836,AEP = 0.01
12.40115993,AEP = 0.01
12.80849976,AEP = 0.01
13.59296997,AEP = 0.01
13.81524336,AEP = 0.01
13.03318924,AEP = 0.01
14.48332333,AEP = 0.01
14.07069769,AEP = 0.01
12.90822034,AEP = 0.01
13.45522803,AEP = 0.01
13.74334719,AEP = 0.01
13.26294792,AEP = 0.01
12.60503925,AEP = 0.01
15.27774259,AEP = 0.01
13.95155733,AEP = 0.01
12.07501445,AEP = 0.01
13.60454077,AEP = 0.01
13.30341745,AEP = 0.01
13.63045533,AEP = 0.01
14.57362157,AEP = 0.01
12.55815302,AEP = 0.01
14.42736125,AEP = 0.01
13.31300711,AEP = 0.01
13.38405607,AEP = 0.01
13.50364561,AEP = 0.01
14.07230627,AEP = 0.01
13.32772777,AEP = 0.01
14.23687953,AEP = 0.01
13.19099854,AEP = 0.01
13.204086,AEP = 0.01
13.64972237,AEP = 0.01
13.39244559,AEP = 0.01
12.5336734,AEP = 0.01
13.15197342,AEP = 0.01
14.07495271,AEP = 0.01
12.82160243,AEP = 0.01
15.48240132,AEP = 0.01
14.64955646,AEP = 0.01
14.77824222,AEP = 0.01
14.47090636,AEP = 0.01
13.77387441,AEP = 0.01
13.01925656,AEP = 0.01
14.9629323,AEP = 0.01
14.28158298,AEP = 0.01
13.75238169,AEP = 0.01
14.42564365,AEP = 0.01
14.63876937,AEP = 0.01
13.05663776,AEP = 0.01
12.7339251,AEP = 0.01
13.28447722,AEP = 0.01
13.19897012,AEP = 0.01
13.74360927,AEP = 0.01
13.07023509,AEP = 0.01
13.66675926,AEP = 0.01
13.73769818,AEP = 0.01
13.0447021,AEP = 0.01
14.30781023,AEP = 0.01
13.27109572,AEP = 0.01
14.00332306,AEP = 0.01
14.08593569,AEP = 0.01
13.37573336,AEP = 0.01
12.54021445,AEP = 0.01
14.60383134,AEP = 0.01
12.41134445,AEP = 0.01
14.32089475,AEP = 0.01
13.07074163,AEP = 0.01
13.71058797,AEP = 0.01
13.43786868,AEP = 0.01
12.91542561,AEP = 0.01
12.46368384,AEP = 0.01
13.09332902,AEP = 0.01
14.61259446,AEP = 0.01
13.72491942,AEP = 0.01
13.46277414,AEP = 0.01
14.58857112,AEP = 0.01
13.22729236,AEP = 0.01
12.51263085,AEP = 0.01
14.42178951,AEP = 0.01
12.93667426,AEP = 0.01
12.82993826,AEP = 0.01
14.19570516,AEP = 0.01
14.50267266,AEP = 0.01
14.9404448,AEP = 0.01
13.31675678,AEP = 0.01
13.52862608,AEP = 0.01
14.79202032,AEP = 0.01
13.67596976,AEP = 0.01
14.06605192,AEP = 0.01
15.13585403,AEP = 0.01
14.39287283,AEP = 0.01
13.96263595,AEP = 0.01
12.22445131,AEP = 0.01
14.68853854,AEP = 0.01
14.81524752,AEP = 0.01
14.34592643,AEP = 0.01
13.62060123,AEP = 0.01
14.12430243,AEP = 0.01
12.79989715,AEP = 0.01
12.62041298,AEP = 0.01
14.71822627,AEP = 0.01
13.08821719,AEP = 0.01
12.6129675,AEP = 0.01
13.0858494,AEP = 0.01
13.25321899,AEP = 0.01
12.93856749,AEP = 0.01
12.75103285,AEP = 0.01
13.54758889,AEP = 0.01
14.09239166,AEP = 0.01
15.76432843,AEP = 0.01
12.69643393,AEP = 0.01
13.81127563,AEP = 0.01
12.31222619,AEP = 0.01
13.88228696,AEP = 0.01
13.09047069,AEP = 0.01
12.72321064,AEP = 0.01
13.96129583,AEP = 0.01
14.98017417,AEP = 0.01
13.97605886,AEP = 0.01
13.80886471,AEP = 0.01
13.34944256,AEP = 0.01
13.15959564,AEP = 0.01
13.82504882,AEP = 0.01
12.74724781,AEP = 0.01
13.92092582,AEP = 0.01
13.61698456,AEP = 0.01
13.35503921,AEP = 0.01
12.91552028,AEP = 0.01
13.31880126,AEP = 0.01
12.72463406,AEP = 0.01
12.96363444,AEP = 0.01
13.00270171,AEP = 0.01
12.59982722,AEP = 0.01
13.39244481,AEP = 0.01
13.53680054,AEP = 0.01
12.31504618,AEP = 0.01
13.15161552,AEP = 0.01
12.16576494,AEP = 0.01
13.85761508,AEP = 0.01
13.12470767,AEP = 0.01
13.15283177,AEP = 0.01
13.82810488,AEP = 0.01
12.91684989,AEP = 0.01
12.95850878,AEP = 0.01
15.00236252,AEP = 0.01
13.36149854,AEP = 0.01
13.79541419,AEP = 0.01
13.14649433,AEP = 0.01
13.94341591,AEP = 0.01
13.32204638,AEP = 0.01
14.38664532,AEP = 0.01
13.79086126,AEP = 0.01
12.55080634,AEP = 0.01
15.58239394,AEP = 0.01
12.73587924,AEP = 0.01
13.619036,AEP = 0.01
12.4942561,AEP = 0.01
12.29496197,AEP = 0.01
13.70181261,AEP = 0.01
14.17055172,AEP = 0.01
15.28302079,AEP = 0.01
14.03484714,AEP = 0.01
14.1019974,AEP = 0.01
13.54832062,AEP = 0.01
14.27045353,AEP = 0.01
13.34744379,AEP = 0.01
12.9709679,AEP = 0.01
13.23593248,AEP = 0.01
12.95041364,AEP = 0.01
14.50482148,AEP = 0.01
14.56002194,AEP = 0.01
13.31918002,AEP = 0.01
14.50294578,AEP = 0.01
14.25675269,AEP = 0.01
14.25788227,AEP = 0.01
14.14056054,AEP = 0.01
12.4184082,AEP = 0.01
13.11512666,AEP = 0.01
13.3834594,AEP = 0.01
14.35395724,AEP = 0.01
14.10268473,AEP = 0.01
13.65117083,AEP = 0.01
12.77520642,AEP = 0.01
13.19344305,AEP = 0.01
13.13084804,AEP = 0.01
14.29441502,AEP = 0.01
14.4797908,AEP = 0.01
13.42288674,AEP = 0.01
13.67672866,AEP = 0.01
13.76294284,AEP = 0.01
12.00923321,AEP = 0.01
12.58942643,AEP = 0.01
14.19352437,AEP = 0.01
12.96302412,AEP = 0.01
13.99035042,AEP = 0.01
13.98668625,AEP = 0.01
13.52421338,AEP = 0.01
13.35609492,AEP = 0.01
14.01638877,AEP = 0.01
14.56711625,AEP = 0.01
12.92982558,AEP = 0.01
13.14732029,AEP = 0.01
12.74280986,AEP = 0.01
13.06593525,AEP = 0.01
14.10836671,AEP = 0.01
14.28179711,AEP = 0.01
13.95941849,AEP = 0.01
12.56799665,AEP = 0.01
13.66743729,AEP = 0.01
13.80609321,AEP = 0.01
13.81669893,AEP = 0.01
13.0524512,AEP = 0.01
13.83769483,AEP = 0.01
12.65548725,AEP = 0.01
12.61262197,AEP = 0.01
13.02972398,AEP = 0.01
12.55262035,AEP = 0.01
14.10075519,AEP = 0.01
13.35827014,AEP = 0.01
12.56309492,AEP = 0.01
12.70206391,AEP = 0.01
13.42083991,AEP = 0.01
13.62487369,AEP = 0.01
13.00028355,AEP = 0.01
13.6498279,AEP = 0.01
13.0677779,AEP = 0.01
13.98643031,AEP = 0.01
12.69959547,AEP = 0.01
13.97228197,AEP = 0.01
13.62873247,AEP = 0.01
13.80356414,AEP = 0.01
14.89422728,AEP = 0.01
12.73275504,AEP = 0.01
12.85723471,AEP = 0.01
14.00947345,AEP = 0.01
11.77810621,AEP = 0.01
11.82994113,AEP = 0.01
13.10318183,AEP = 0.01
12.90191492,AEP = 0.01
12.79960649,AEP = 0.01
12.74332251,AEP = 0.01
12.82600162,AEP = 0.01
13.61563616,AEP = 0.01
12.87154408,AEP = 0.01
12.75757119,AEP = 0.01
14.32116586,AEP = 0.01
14.62188711,AEP = 0.01
12.79014414,AEP = 0.01
12.6224294,AEP = 0.01
13.46680601,AEP = 0.01
14.05010853,AEP = 0.01
13.79587617,AEP = 0.01
13.18537312,AEP = 0.01
12.11028327,AEP = 0.01
14.17392111,AEP = 0.01
14.22447342,AEP = 0.01
13.65139202,AEP = 0.01
14.3422481,AEP = 0.01
13.13584545,AEP = 0.01
13.26198687,AEP = 0.01
12.01766855,AEP = 0.01
13.02413349,AEP = 0.01
13.42642393,AEP = 0.01
12.34788887,AEP = 0.01
14.22911928,AEP = 0.01
12.83978712,AEP = 0.01
14.59534492,AEP = 0.01
13.16277382,AEP = 0.01
13.47647337,AEP = 0.01
12.98590642,AEP = 0.01
12.38997209,AEP = 0.01
13.71749193,AEP = 0.01
13.43280339,AEP = 0.01
15.48978206,AEP = 0.01
13.33692228,AEP = 0.01
13.5817786,AEP = 0.01
12.4945241,AEP = 0.01
11.9272442,AEP = 0.01
14.27964274,AEP = 0.01
14.00035471,AEP = 0.01
12.93255931,AEP = 0.01
13.96324813,AEP = 0.01
13.72365075,AEP = 0.01
14.22146852,AEP = 0.01
12.91165594,AEP = 0.01
13.20747169,AEP = 0.01
13.55733399,AEP = 0.01
13.49073742,AEP = 0.01
14.03132028,AEP = 0.01
12.80700906,AEP = 0.01
13.1969754,AEP = 0.01
13.58243492,AEP = 0.01
13.87816095,AEP = 0.01
12.93514468,AEP = 0.01
12.81064691,AEP = 0.01
13.3416585,AEP = 0.01
13.56970567,AEP = 0.01
13.20536291,AEP = 0.01
14.68820062,AEP = 0.01
13.6930789,AEP = 0.01
12.63933761,AEP = 0.01
13.55727233,AEP = 0.01
13.00855163,AEP = 0.01
13.71903586,AEP = 0.01
13.18751642,AEP = 0.01
14.04315751,AEP = 0.01
13.98561363,AEP = 0.01
14.11731433,AEP = 0.01
14.70394207,AEP = 0.01
12.91329516,AEP = 0.01
13.89197247,AEP = 0.01
14.29813372,AEP = 0.01
13.37213674,AEP = 0.01
13.58413307,AEP = 0.01
13.4192948,AEP = 0.01
13.62095868,AEP = 0.01
14.57472311,AEP = 0.01
13.50954835,AEP = 0.01
13.97845053,AEP = 0.01
12.64903958,AEP = 0.01
12.71457379,AEP = 0.01
13.78097706,AEP = 0.01
13.19633833,AEP = 0.01
12.86636207,AEP = 0.01
14.24011292,AEP = 0.01
14.38208225,AEP = 0.01
13.11994623,AEP = 0.01
14.49859784,AEP = 0.01
13.14686117,AEP = 0.01
13.90205099,AEP = 0.01
12.20732714,AEP = 0.01
13.49173262,AEP = 0.01
12.41005525,AEP = 0.01
14.29963536,AEP = 0.01
14.08819598,AEP = 0.01
12.54910242,AEP = 0.01
13.32505001,AEP = 0.01
12.26117948,AEP = 0.01
14.24182009,AEP = 0.01
14.61558825,AEP = 0.01
13.90818623,AEP = 0.01
13.89689914,AEP = 0.01
14.42479387,AEP = 0.01
13.53892694,AEP = 0.01
12.20349815,AEP = 0.01
12.65725246,AEP = 0.01
12.93764046,AEP = 0.01
13.10511893,AEP = 0.01
12.67189114,AEP = 0.01
13.67309414,AEP = 0.01
14.09725214,AEP = 0.01
12.04000649,AEP = 0.01
12.96875453,AEP = 0.01
12.81401505,AEP = 0.01
14.39724533,AEP = 0.01
13.14464531,AEP = 0.01
14.89167363,AEP = 0.01
12.80612903,AEP = 0.01
13.86239431,AEP = 0.01
13.29799739,AEP = 0.01
13.75515674,AEP = 0.01
13.50558005,AEP = 0.01
12.2594173,AEP = 0.01
12.78481366,AEP = 0.01
13.71218299,AEP = 0.01
14.35160961,AEP = 0.01
12.42231084,AEP = 0.01
13.69347161,AEP = 0.01
12.35207784,AEP = 0.01
14.17105452,AEP = 0.01
12.56144677,AEP = 0.01
13.02465102,AEP = 0.01
12.51090508,AEP = 0.01
14.44060801,AEP = 0.01
14.0834403,AEP = 0.01
14.59638265,AEP = 0.01
13.296352,AEP = 0.01
13.24334728,AEP = 0.01
12.86686788,AEP = 0.01
13.92403986,AEP = 0.01
13.09869512,AEP = 0.01
13.76832455,AEP = 0.01
13.91875309,AEP = 0.01
13.71555662,AEP = 0.01
13.57219776,AEP = 0.01
13.67637645,AEP = 0.01
15.72273967,AEP = 0.01
14.64392889,AEP = 0.01
14.17906775,AEP = 0.01
14.16196253,AEP = 0.01
13.96391829,AEP = 0.01
13.17396439,AEP = 0.01
12.40204601,AEP = 0.01
14.75886861,AEP = 0.01
14.16637549,AEP = 0.01
13.05492537,AEP = 0.01
14.2703237,AEP = 0.01
13.47070124,AEP = 0.01
13.71250713,AEP = 0.01
13.49059655,AEP = 0.01
14.16658375,AEP = 0.01
12.33994748,AEP = 0.01
13.76189039,AEP = 0.01
13.21097682,AEP = 0.01
13.19202472,AEP = 0.01
13.32531253,AEP = 0.01
13.99105736,AEP = 0.01
14.12232136,AEP = 0.01
14.2396237,AEP = 0.01
12.94598448,AEP = 0.01
13.85948685,AEP = 0.01
13.31142711,AEP = 0.01
13.26879905,AEP = 0.01
14.17209645,AEP = 0.01
14.01466869,AEP = 0.01
14.55953992,AEP = 0.01
13.54258988,AEP = 0.01
13.61583649,AEP = 0.01
14.08043812,AEP = 0.01
13.16998473,AEP = 0.01
13.29475286,AEP = 0.01
14.17869814,AEP = 0.01
13.40332809,AEP = 0.01
13.35683871,AEP = 0.01
14.5460141,AEP = 0.01
13.69326457,AEP = 0.01
13.08677219,AEP = 0.01
12.45120393,AEP = 0.01
13.26106093,AEP = 0.01
13.23826105,AEP = 0.01
14.14536803,AEP = 0.01
12.96557567,AEP = 0.01
14.49250218,AEP = 0.01
13.77902042,AEP = 0.01
13.96908254,AEP = 0.01
13.76469049,AEP = 0.01
13.91809163,AEP = 0.01
14.04206741,AEP = 0.01
13.270765,AEP = 0.01
13.50009581,AEP = 0.01
13.75332427,AEP = 0.01
14.27653827,AEP = 0.01
15.04388914,AEP = 0.01
13.97172827,AEP = 0.01
13.60157082,AEP = 0.01
12.63685803,AEP = 0.01
12.93896071,AEP = 0.01
13.49606204,AEP = 0.01
13.3156483,AEP = 0.01
13.21020655,AEP = 0.01
14.11792961,AEP = 0.01
12.49801725,AEP = 0.01
13.08880636,AEP = 0.01
15.47162219,AEP = 0.01
13.17627343,AEP = 0.01
13.87043709,AEP = 0.01
14.19437514,AEP = 0.01
14.04385773,AEP = 0.01
12.67685585,AEP = 0.01
12.03992721,AEP = 0.01
13.48120799,AEP = 0.01
14.61243798,AEP = 0.01
14.03536795,AEP = 0.01
13.12816954,AEP = 0.01
14.30628112,AEP = 0.01
12.75452001,AEP = 0.01
13.22361682,AEP = 0.01
13.02109293,AEP = 0.01
13.1599831,AEP = 0.01
14.80024813,AEP = 0.01
14.81316124,AEP = 0.01
13.18053305,AEP = 0.01
12.44039868,AEP = 0.01
12.80575153,AEP = 0.01
12.23892148,AEP = 0.01
12.34880108,AEP = 0.01
12.78243654,AEP = 0.01
11.8519653,AEP = 0.01
13.03809751,AEP = 0.01
14.77578254,AEP = 0.01
13.19072225,AEP = 0.01
14.08956166,AEP = 0.01
13.37887423,AEP = 0.01
12.41013016,AEP = 0.01
13.4122638,AEP = 0.01
13.5840219,AEP = 0.01
14.53232239,AEP = 0.01
14.37629212,AEP = 0.01
12.46230484,AEP = 0.01
14.64351767,AEP = 0.01
14.1597277,AEP = 0.01
14.81911313,AEP = 0.01
13.56789568,AEP = 0.01
13.37280847,AEP = 0.01
12.86988111,AEP = 0.01
13.36942089,AEP = 0.01
13.55385877,AEP = 0.01
12.63465886,AEP = 0.01
14.2714112,AEP = 0.01
14.42350735,AEP = 0.01
11.7647779,AEP = 0.01
13.59313622,AEP = 0.01
14.55994714,AEP = 0.01
13.12870971,AEP = 0.01
13.67341375,AEP = 0.01
13.95506733,AEP = 0.01
13.63862467,AEP = 0.01
13.57375574,AEP = 0.01
14.35409308,AEP = 0.01
12.98377968,AEP = 0.01
14.05266305,AEP = 0.01
12.66156259,AEP = 0.01
13.78882606,AEP = 0.01
12.9240931,AEP = 0.01
12.3876109,AEP = 0.01
14.27719446,AEP = 0.01
14.3589686,AEP = 0.01
13.97445468,AEP = 0.01
14.885129,AEP = 0.01
13.70397903,AEP = 0.01
12.63959626,AEP = 0.01
12.71861973,AEP = 0.01
13.44863136,AEP = 0.01
12.38269733,AEP = 0.01
15.6137271,AEP = 0.01
14.86413496,AEP = 0.01
13.72198243,AEP = 0.01
13.14973609,AEP = 0.01
15.69271003,AEP = 0.01
12.69240489,AEP = 0.01
14.1481925,AEP = 0.01
15.16712513,AEP = 0.01
11.85388015,AEP = 0.01
13.98839442,AEP = 0.01
14.58240943,AEP = 0.01
13.18494388,AEP = 0.01
13.74218525,AEP = 0.01
12.01580135,AEP = 0.01
13.36741118,AEP = 0.01
15.48086254,AEP = 0.01
13.64279919,AEP = 0.01
14.11489446,AEP = 0.01
12.82636529,AEP = 0.01
12.88003718,AEP = 0.01
14.40687866,AEP = 0.01
13.30424967,AEP = 0.01
12.63099636,AEP = 0.01
14.83574305,AEP = 0.01
14.47999102,AEP = 0.01
13.70539167,AEP = 0.01
12.73385459,AEP = 0.01
14.97969058,AEP = 0.01
12.10870398,AEP = 0.01
13.41372127,AEP = 0.01
13.36857006,AEP = 0.01
14.49457501,AEP = 0.01
13.50543811,AEP = 0.01
13.0418862,AEP = 0.01
13.52777873,AEP = 0.01
13.96513399,AEP = 0.01
14.84213318,AEP = 0.01
13.61212507,AEP = 0.01
14.51073969,AEP = 0.01
15.35425155,AEP = 0.01
14.30220509,AEP = 0.01
14.11654682,AEP = 0.01
13.7158203,AEP = 0.01
13.43515092,AEP = 0.01
14.55230466,AEP = 0.01
13.01684094,AEP = 0.01
13.84818825,AEP = 0.01
14.17051426,AEP = 0.01
12.52483026,AEP = 0.01
12.91525242,AEP = 0.01
13.85568185,AEP = 0.01
14.32943244,AEP = 0.01
13.03582825,AEP = 0.01
12.56869481,AEP = 0.01
15.11697821,AEP = 0.01
14.33434088,AEP = 0.01
13.74944619,AEP = 0.01
12.395222,AEP = 0.01
12.73160117,AEP = 0.01
13.4842475,AEP = 0.01
13.52587576,AEP = 0.01
14.29956875,AEP = 0.01
14.6582145,AEP = 0.01
14.20439676,AEP = 0.01
14.73618423,AEP = 0.01
12.74027895,AEP = 0.01
15.67208324,AEP = 0.01
14.16717592,AEP = 0.01
13.32230173,AEP = 0.01
14.10520987,AEP = 0.01
14.18974419,AEP = 0.01
12.92681214,AEP = 0.01
13.86679204,AEP = 0.01
13.16519008,AEP = 0.01
13.24626169,AEP = 0.01
13.55669442,AEP = 0.01
13.44180889,AEP = 0.01
12.84450945,AEP = 0.01
13.90625927,AEP = 0.01
14.82839611,AEP = 0.01
14.12355508,AEP = 0.01
12.58550124,AEP = 0.01
14.21724906,AEP = 0.01
13.60011084,AEP = 0.01
14.0776756,AEP = 0.01
14.44289709,AEP = 0.01
13.67355257,AEP = 0.01
13.65637701,AEP = 0.01
13.64238729,AEP = 0.01
13.39595589,AEP = 0.01
15.05210972,AEP = 0.01
14.49765686,AEP = 0.01
13.09815268,AEP = 0.01
13.17883469,AEP = 0.01
12.45908539,AEP = 0.01
13.72867784,AEP = 0.01
14.5132367,AEP = 0.01
13.89469688,AEP = 0.01
13.07861736,AEP = 0.01
12.78492453,AEP = 0.01
14.18005526,AEP = 0.01
14.06408249,AEP = 0.01
13.49122965,AEP = 0.01
15.20997996,AEP = 0.01
13.74385379,AEP = 0.01
12.94505522,AEP = 0.01
12.53092421,AEP = 0.01
13.72635913,AEP = 0.01
13.87540131,AEP = 0.01
13.78774539,AEP = 0.01
12.64160438,AEP = 0.01
13.03365382,AEP = 0.01
14.05083538,AEP = 0.01
13.51627905,AEP = 0.01
13.93659223,AEP = 0.01
13.44594826,AEP = 0.01
13.47599343,AEP = 0.01
13.0869528,AEP = 0.01
12.31968609,AEP = 0.01
13.81668566,AEP = 0.01
13.29719925,AEP = 0.01
15.09793448,AEP = 0.01
12.93536133,AEP = 0.01
16.15091839,AEP = 0.01
13.87512115,AEP = 0.01
13.43850404,AEP = 0.01
13.38427999,AEP = 0.01
13.05748607,AEP = 0.01
12.67516671,AEP = 0.01
12.85063373,AEP = 0.01
13.7495678,AEP = 0.01
13.04112656,AEP = 0.01
14.27631131,AEP = 0.01
12.38814082,AEP = 0.01
13.33725416,AEP = 0.01
12.65221516,AEP = 0.01
12.41533036,AEP = 0.01
15.06446677,AEP = 0.01
14.03934312,AEP = 0.01
13.29350033,AEP = 0.01
12.91527566,AEP = 0.01
13.63709836,AEP = 0.01
13.06681382,AEP = 0.01
13.81588788,AEP = 0.01
12.52531838,AEP = 0.01
14.7140042,AEP = 0.01
13.11432308,AEP = 0.01
13.14791663,AEP = 0.01
14.19769098,AEP = 0.01
14.06117454,AEP = 0.01
13.58832291,AEP = 0.01
14.51342417,AEP = 0.01
12.890892,AEP = 0.01
12.94927842,AEP = 0.01
13.77457332,AEP = 0.01
12.92844727,AEP = 0.01
13.22435876,AEP = 0.01
12.8554208,AEP = 0.01
12.33280529,AEP = 0.01
13.20535622,AEP = 0.01
13.7740121,AEP = 0.01
13.78691474,AEP = 0.01
13.34806818,AEP = 0.01
14.38110586,AEP = 0.01
13.760256,AEP = 0.01
14.11148695,AEP = 0.01
14.24982713,AEP = 0.01
14.39227039,AEP = 0.01
13.31185674,AEP = 0.01
14.19115728,AEP = 0.01
13.63108814,AEP = 0.01
12.937375,AEP = 0.01
13.69020883,AEP = 0.01
12.8612219,AEP = 0.01
13.32057521,AEP = 0.01
12.86755825,AEP = 0.01
12.8494716,AEP = 0.01
13.62648747,AEP = 0.01
14.13513924,AEP = 0.01
12.26208179,AEP = 0.01
12.63343795,AEP = 0.01
13.77520725,AEP = 0.01
15.31925072,AEP = 0.01
13.82777624,AEP = 0.01
13.22908969,AEP = 0.01
14.65015,AEP = 0.01
12.10994364,AEP = 0.01
13.742963,AEP = 0.01
13.61427618,AEP = 0.01
14.04170886,AEP = 0.01
14.24892248,AEP = 0.01
13.47752149,AEP = 0.01
13.43074464,AEP = 0.01
14.68987337,AEP = 0.01
13.7586075,AEP = 0.01
12.65893637,AEP = 0.01
13.03488826,AEP = 0.01
14.54537119,AEP = 0.01
13.02643073,AEP = 0.01
13.42889506,AEP = 0.01
12.89168607,AEP = 0.01
13.77545975,AEP = 0.01
13.03490993,AEP = 0.01
13.3441043,AEP = 0.01
13.32397243,AEP = 0.01
15.2575107,AEP = 0.01
13.304882,AEP = 0.01
14.15612978,AEP = 0.01
13.58316232,AEP = 0.01
14.13392912,AEP = 0.01
14.14183177,AEP = 0.01
12.62888229,AEP = 0.01
12.25214059,AEP = 0.01
13.25626986,AEP = 0.01
14.50535773,AEP = 0.01
13.98725993,AEP = 0.01
12.64321777,AEP = 0.01
13.62125036,AEP = 0.01
12.96750647,AEP = 0.01
13.89400839,AEP = 0.01
13.11250434,AEP = 0.01
13.38464265,AEP = 0.01
12.17372348,AEP = 0.01
13.23031732,AEP = 0.01
13.59750348,AEP = 0.01
12.92801846,AEP = 0.01
13.13759833,AEP = 0.01
13.90772129,AEP = 0.01
13.19605835,AEP = 0.01
14.42809416,AEP = 0.01
19.52547454,AEP = 0.001
17.51897529,AEP = 0.001
18.23986534,AEP = 0.001
17.56715606,AEP = 0.001
15.85807353,AEP = 0.001
17.12044154,AEP = 0.001
22.43593046,AEP = 0.001
17.17911404,AEP = 0.001
23.25215599,AEP = 0.001
18.14699065,AEP = 0.001
19.17795487,AEP = 0.001
17.36943221,AEP = 0.001
15.84863483,AEP = 0.001
15.05315809,AEP = 0.001
16.94080293,AEP = 0.001
17.97014179,AEP = 0.001
18.02547403,AEP = 0.001
14.08158936,AEP = 0.001
17.65821987,AEP = 0.001
16.27505497,AEP = 0.001
17.94694826,AEP = 0.001
19.20490809,AEP = 0.001
18.27519657,AEP = 0.001
17.8235797,AEP = 0.001
17.26875392,AEP = 0.001
15.18472289,AEP = 0.001
15.17293075,AEP = 0.001
15.18307845,AEP = 0.001
17.0448749,AEP = 0.001
20.02683697,AEP = 0.001
20.15333201,AEP = 0.001
18.3148625,AEP = 0.001
17.30330592,AEP = 0.001
19.56533972,AEP = 0.001
17.41951476,AEP = 0.001
19.90643065,AEP = 0.001
18.64360776,AEP = 0.001
18.81028179,AEP = 0.001
17.08000218,AEP = 0.001
18.47159624,AEP = 0.001
15.880512,AEP = 0.001
17.89458908,AEP = 0.001
25.10024932,AEP = 0.001
19.52219577,AEP = 0.001
17.49515413,AEP = 0.001
17.27435835,AEP = 0.001
15.45788178,AEP = 0.001
18.59342831,AEP = 0.001
18.20279541,AEP = 0.001
16.31994717,AEP = 0.001
17.82259308,AEP = 0.001
17.42065937,AEP = 0.001
19.72347602,AEP = 0.001
17.2847372,AEP = 0.001
16.40030367,AEP = 0.001
17.22605187,AEP = 0.001
20.10398133,AEP = 0.001
19.57966544,AEP = 0.001
19.55737666,AEP = 0.001
17.49531612,AEP = 0.001
21.73394831,AEP = 0.001
15.62705694,AEP = 0.001
19.36271685,AEP = 0.001
16.89450278,AEP = 0.001
16.66173591,AEP = 0.001
18.29052732,AEP = 0.001
15.20007699,AEP = 0.001
21.61606204,AEP = 0.001
16.24336803,AEP = 0.001
18.27457174,AEP = 0.001
18.41728613,AEP = 0.001
19.52740356,AEP = 0.001
23.11284946,AEP = 0.001
17.16865149,AEP = 0.001
18.12853143,AEP = 0.001
20.67093685,AEP = 0.001
17.91846666,AEP = 0.001
18.2647572,AEP = 0.001
16.78647005,AEP = 0.001
17.90987873,AEP = 0.001
18.09592252,AEP = 0.001
21.86685077,AEP = 0.001
20.81440723,AEP = 0.001
16.87022188,AEP = 0.001
15.02879711,AEP = 0.001
19.43098443,AEP = 0.001
15.89871324,AEP = 0.001
19.64813228,AEP = 0.001
18.50523005,AEP = 0.001
17.95083986,AEP = 0.001
22.83483844,AEP = 0.001
14.05621114,AEP = 0.001
16.59904134,AEP = 0.001
18.62944231,AEP = 0.001
19.76801969,AEP = 0.001
16.00586702,AEP = 0.001
16.4750251,AEP = 0.001
20.02411946,AEP = 0.001
17.48440011,AEP = 0.001
16.87429876,AEP = 0.001
15.94439499,AEP = 0.001
20.56295014,AEP = 0.001
15.3155784,AEP = 0.001
18.19280992,AEP = 0.001
19.30243111,AEP = 0.001
16.64902853,AEP = 0.001
18.22195856,AEP = 0.001
20.74382676,AEP = 0.001
16.13283046,AEP = 0.001
19.61598817,AEP = 0.001
16.50601704,AEP = 0.001
17.45939731,AEP = 0.001
17.37384844,AEP = 0.001
14.84715591,AEP = 0.001
18.64775112,AEP = 0.001
20.21080382,AEP = 0.001
16.98859155,AEP = 0.001
19.76623847,AEP = 0.001
20.20188318,AEP = 0.001
17.91544402,AEP = 0.001
19.49894936,AEP = 0.001
22.15356183,AEP = 0.001
16.55109855,AEP = 0.001
16.92237389,AEP = 0.001
17.7527086,AEP = 0.001
15.77591218,AEP = 0.001
18.05660943,AEP = 0.001
20.40233157,AEP = 0.001
22.24817666,AEP = 0.001
17.11267855,AEP = 0.001
18.06006296,AEP = 0.001
24.80263042,AEP = 0.001
16.83331171,AEP = 0.001
18.06562891,AEP = 0.001
19.46678375,AEP = 0.001
21.27190274,AEP = 0.001
19.1962617,AEP = 0.001
17.25063279,AEP = 0.001
16.54612257,AEP = 0.001
20.13399371,AEP = 0.001
17.96247649,AEP = 0.001
20.26047909,AEP = 0.001
16.2297345,AEP = 0.001
15.18760079,AEP = 0.001
18.3794785,AEP = 0.001
15.18018578,AEP = 0.001
20.15112769,AEP = 0.001
14.91098855,AEP = 0.001
19.96999229,AEP = 0.001
17.36224183,AEP = 0.001
16.92022828,AEP = 0.001
18.80881671,AEP = 0.001
18.11700302,AEP = 0.001
18.33159999,AEP = 0.001
20.61998148,AEP = 0.001
16.5192239,AEP = 0.001
16.97583941,AEP = 0.001
16.18607899,AEP = 0.001
17.21830974,AEP = 0.001
16.43786501,AEP = 0.001
16.56618149,AEP = 0.001
16.15530558,AEP = 0.001
20.1873499,AEP = 0.001
16.56218506,AEP = 0.001
17.21232123,AEP = 0.001
20.44635471,AEP = 0.001
21.56518632,AEP = 0.001
22.72910227,AEP = 0.001
20.10403275,AEP = 0.001
16.86451523,AEP = 0.001
19.05305965,AEP = 0.001
16.75771529,AEP = 0.001
19.05025105,AEP = 0.001
16.50417786,AEP = 0.001
19.2183291,AEP = 0.001
16.56059596,AEP = 0.001
21.04016851,AEP = 0.001
22.20381055,AEP = 0.001
19.60922543,AEP = 0.001
17.92696635,AEP = 0.001
17.93573197,AEP = 0.001
23.39824578,AEP = 0.001
19.67035998,AEP = 0.001
16.63917188,AEP = 0.001
17.04190651,AEP = 0.001
16.82216606,AEP = 0.001
17.05041415,AEP = 0.001
15.91565953,AEP = 0.001
16.50516469,AEP = 0.001
19.02967804,AEP = 0.001
17.499263,AEP = 0.001
15.09489915,AEP = 0.001
18.46463076,AEP = 0.001
18.94128669,AEP = 0.001
17.93989573,AEP = 0.001
17.82154791,AEP = 0.001
16.72948886,AEP = 0.001
24.77542562,AEP = 0.001
19.79702746,AEP = 0.001
21.78745499,AEP = 0.001
19.45702524,AEP = 0.001
18.94176247,AEP = 0.001
17.27415765,AEP = 0.001
16.43649864,AEP = 0.001
15.84914493,AEP = 0.001
20.66281871,AEP = 0.001
18.45740997,AEP = 0.001
19.89214976,AEP = 0.001
18.20328038,AEP = 0.001
15.53577501,AEP = 0.001
18.36203978,AEP = 0.001
17.50618621,AEP = 0.001
17.40237437,AEP = 0.001
17.47726981,AEP = 0.001
19.59819326,AEP = 0.001
18.48011322,AEP = 0.001
18.29549916,AEP = 0.001
18.24238283,AEP = 0.001
19.81383849,AEP = 0.001
22.1637196,AEP = 0.001
15.89717952,AEP = 0.001
18.33342003,AEP = 0.001
18.48445147,AEP = 0.001
19.23481391,AEP = 0.001
20.40242348,AEP = 0.001
18.25667061,AEP = 0.001
18.55328481,AEP = 0.001
19.30608064,AEP = 0.001
16.2259255,AEP = 0.001
17.40981335,AEP = 0.001
18.6246686,AEP = 0.001
21.4000255,AEP = 0.001
17.28712313,AEP = 0.001
17.05141915,AEP = 0.001
15.37572048,AEP = 0.001
19.82859999,AEP = 0.001
18.78117562,AEP = 0.001
18.01789735,AEP = 0.001
19.26612847,AEP = 0.001
16.39427355,AEP = 0.001
18.52980283,AEP = 0.001
17.88199062,AEP = 0.001
18.49030586,AEP = 0.001
19.70267903,AEP = 0.001
16.16052462,AEP = 0.001
16.91791749,AEP = 0.001
20.06173096,AEP = 0.001
19.3717589,AEP = 0.001
15.79080522,AEP = 0.001
16.42893229,AEP = 0.001
18.02743625,AEP = 0.001
18.38627886,AEP = 0.001
17.35252965,AEP = 0.001
19.99610668,AEP = 0.001
19.17999119,AEP = 0.001
16.5934888,AEP = 0.001
18.31499862,AEP = 0.001
18.25346472,AEP = 0.001
16.69713997,AEP = 0.001
15.62823228,AEP = 0.001
23.11542521,AEP = 0.001
19.32249968,AEP = 0.001
14.46755121,AEP = 0.001
18.3797119,AEP = 0.001
17.92136449,AEP = 0.001
18.22475475,AEP = 0.001
20.48784794,AEP = 0.001
15.73617312,AEP = 0.001
20.87810783,AEP = 0.001
17.09857078,AEP = 0.001
17.24716666,AEP = 0.001
18.57161888,AEP = 0.001
19.98182747,AEP = 0.001
17.09136072,AEP = 0.001
19.64156079,AEP = 0.001
17.10325794,AEP = 0.001
16.5644595,AEP = 0.001
18.42512162,AEP = 0.001
17.11137481,AEP = 0.001
15.93480925,AEP = 0.001
16.72009774,AEP = 0.001
19.07454174,AEP = 0.001
16.33398432,AEP = 0.001
22.31363849,AEP = 0.001
19.82158321,AEP = 0.001
21.18168801,AEP = 0.001
20.27783487,AEP = 0.001
18.89249737,AEP = 0.001
16.42259917,AEP = 0.001
21.77818048,AEP = 0.001
19.31260011,AEP = 0.001
18.13908918,AEP = 0.001
19.52226452,AEP = 0.001
20.84005261,AEP = 0.001
16.79829829,AEP = 0.001
15.91721127,AEP = 0.001
16.9420973,AEP = 0.001
17.62723938,AEP = 0.001
18.9094714,AEP = 0.001
16.84758448,AEP = 0.001
17.57083799,AEP = 0.001
18.56296137,AEP = 0.001
17.32201281,AEP = 0.001
19.80720772,AEP = 0.001
17.65851645,AEP = 0.001
19.29747525,AEP = 0.001
19.22612913,AEP = 0.001
17.86829624,AEP = 0.001
15.69329742,AEP = 0.001
21.10581593,AEP = 0.001
15.27317422,AEP = 0.001
20.24069424,AEP = 0.001
16.82119686,AEP = 0.001
18.75842367,AEP = 0.001
17.81921307,AEP = 0.001
16.5062941,AEP = 0.001
15.62937439,AEP = 0.001
17.36059319,AEP = 0.001
20.37613626,AEP = 0.001
18.32321097,AEP = 0.001
17.73519717,AEP = 0.001
20.72479803,AEP = 0.001
16.87100158,AEP = 0.001
16.24572633,AEP = 0.001
20.02693899,AEP = 0.001
16.85052321,AEP = 0.001
15.91571698,AEP = 0.001
19.2418677,AEP = 0.001
21.45602554,AEP = 0.001
21.88224437,AEP = 0.001
17.22085206,AEP = 0.001
18.09373525,AEP = 0.001
20.13859042,AEP = 0.001
18.30325151,AEP = 0.001
19.42935404,AEP = 0.001
22.36271635,AEP = 0.001
19.28846509,AEP = 0.001
19.50965958,AEP = 0.001
15.05751469,AEP = 0.001
20.3587689,AEP = 0.001
21.12383042,AEP = 0.001
19.94705466,AEP = 0.001
17.96564419,AEP = 0.001
19.42548947,AEP = 0.001
16.50559589,AEP = 0.001
15.48002312,AEP = 0.001
20.90380764,AEP = 0.001
17.06164979,AEP = 0.001
15.64123821,AEP = 0.001
17.34039457,AEP = 0.001
17.18190846,AEP = 0.001
17.16628653,AEP = 0.001
16.29525939,AEP = 0.001
18.58409278,AEP = 0.001
19.0373978,AEP = 0.001
23.30627847,AEP = 0.001
16.56807601,AEP = 0.001
18.00748947,AEP = 0.001
15.79254606,AEP = 0.001
18.83437242,AEP = 0.001
16.55396927,AEP = 0.001
15.9275112,AEP = 0.001
19.19601745,AEP = 0.001
22.49382294,AEP = 0.001
18.75596755,AEP = 0.001
19.28085106,AEP = 0.001
17.36482974,AEP = 0.001
16.95650381,AEP = 0.001
18.41953791,AEP = 0.001
16.30181517,AEP = 0.001
18.1884353,AEP = 0.001
18.64668018,AEP = 0.001
17.88338795,AEP = 0.001
16.33286489,AEP = 0.001
18.10888657,AEP = 0.001
15.94697018,AEP = 0.001
16.59949225,AEP = 0.001
16.8680789,AEP = 0.001
15.51089458,AEP = 0.001
17.81470576,AEP = 0.001
18.22164556,AEP = 0.001
14.72291768,AEP = 0.001
16.5454075,AEP = 0.001
14.55937723,AEP = 0.001
19.33314073,AEP = 0.001
17.28181359,AEP = 0.001
17.11382874,AEP = 0.001
19.00155315,AEP = 0.001
16.46530826,AEP = 0.001
16.53625894,AEP = 0.001
21.43832392,AEP = 0.001
17.87603319,AEP = 0.001
18.08082343,AEP = 0.001
17.52164524,AEP = 0.001
18.3897466,AEP = 0.001
17.07257487,AEP = 0.001
20.77636521,AEP = 0.001
19.017597,AEP = 0.001
15.85954521,AEP = 0.001
22.86619343,AEP = 0.001
16.56492611,AEP = 0.001
18.10295613,AEP = 0.001
15.27114866,AEP = 0.001
14.95230899,AEP = 0.001
17.91687478,AEP = 0.001
18.51812991,AEP = 0.001
22.60471939,AEP = 0.001
18.84365674,AEP = 0.001
18.71644886,AEP = 0.001
17.43231637,AEP = 0.001
19.91713038,AEP = 0.001
17.25343827,AEP = 0.001
16.45696425,AEP = 0.001
16.90271705,AEP = 0.001
16.38755578,AEP = 0.001
21.33630233,AEP = 0.001
21.57356449,AEP = 0.001
17.36453879,AEP = 0.001
21.11043283,AEP = 0.001
19.75277734,AEP = 0.001
19.63089881,AEP = 0.001
19.0565184,AEP = 0.001
15.69551955,AEP = 0.001
16.61739103,AEP = 0.001
17.82544621,AEP = 0.001
20.33176833,AEP = 0.001
20.17160783,AEP = 0.001
18.76905901,AEP = 0.001
16.37698995,AEP = 0.001
17.33942384,AEP = 0.001
17.17922815,AEP = 0.001
20.55904836,AEP = 0.001
20.22860201,AEP = 0.001
17.78572086,AEP = 0.001
17.7065466,AEP = 0.001
18.86687003,AEP = 0.001
14.39989046,AEP = 0.001
16.01472804,AEP = 0.001
19.16705987,AEP = 0.001
16.71689777,AEP = 0.001
19.02655345,AEP = 0.001
19.77628518,AEP = 0.001
17.82415201,AEP = 0.001
17.40853185,AEP = 0.001
18.77291673,AEP = 0.001
21.02355079,AEP = 0.001
16.46620718,AEP = 0.001
17.13200182,AEP = 0.001
16.20620359,AEP = 0.001
16.90998019,AEP = 0.001
19.11777669,AEP = 0.001
19.75013752,AEP = 0.001
18.59099172,AEP = 0.001
15.64140295,AEP = 0.001
17.9972926,AEP = 0.001
18.94003886,AEP = 0.001
17.94916006,AEP = 0.001
16.59546191,AEP = 0.001
18.88265366,AEP = 0.001
15.73851556,AEP = 0.001
15.90239805,AEP = 0.001
16.72380338,AEP = 0.001
15.79419254,AEP = 0.001
19.75670108,AEP = 0.001
17.66796027,AEP = 0.001
16.16422969,AEP = 0.001
16.05705703,AEP = 0.001
17.45473817,AEP = 0.001
17.37062433,AEP = 0.001
16.48180978,AEP = 0.001
18.66141432,AEP = 0.001
16.7373491,AEP = 0.001
19.74778848,AEP = 0.001
16.12538458,AEP = 0.001
19.52892672,AEP = 0.001
18.50384829,AEP = 0.001
18.78807059,AEP = 0.001
21.67874229,AEP = 0.001
16.44967838,AEP = 0.001
16.40335464,AEP = 0.001
18.67195529,AEP = 0.001
14.02813918,AEP = 0.001
14.4201384,AEP = 0.001
16.97863442,AEP = 0.001
16.89072819,AEP = 0.001
16.21055759,AEP = 0.001
16.20390395,AEP = 0.001
16.41035589,AEP = 0.001
18.95439246,AEP = 0.001
16.37878932,AEP = 0.001
16.69538384,AEP = 0.001
20.5071479,AEP = 0.001
21.57910975,AEP = 0.001
16.02868625,AEP = 0.001
15.72129263,AEP = 0.001
17.76838191,AEP = 0.001
18.76479981,AEP = 0.001
18.82683692,AEP = 0.001
17.7960941,AEP = 0.001
14.99184047,AEP = 0.001
19.80732255,AEP = 0.001
20.02350445,AEP = 0.001
17.76404561,AEP = 0.001
20.67960259,AEP = 0.001
18.1415121,AEP = 0.001
17.050435,AEP = 0.001
14.84455102,AEP = 0.001
15.84290216,AEP = 0.001
17.52009154,AEP = 0.001
15.3551769,AEP = 0.001
19.81864488,AEP = 0.001
16.15126381,AEP = 0.001
21.06847919,AEP = 0.001
17.17543744,AEP = 0.001
17.88454034,AEP = 0.001
16.73543328,AEP = 0.001
15.67894014,AEP = 0.001
18.15869769,AEP = 0.001
17.73941102,AEP = 0.001
23.42205588,AEP = 0.001
17.63521679,AEP = 0.001
18.4867951,AEP = 0.001
15.67935296,AEP = 0.001
14.1507887,AEP = 0.001
19.13481634,AEP = 0.001
19.10550148,AEP = 0.001
16.64173921,AEP = 0.001
18.81010101,AEP = 0.001
18.21216661,AEP = 0.001
19.03122884,AEP = 0.001
16.10515127,AEP = 0.001
16.88989654,AEP = 0.001
18.12599199,AEP = 0.001
18.22727896,AEP = 0.001
19.59229905,AEP = 0.001
15.69651072,AEP = 0.001
17.4497497,AEP = 0.001
18.20013099,AEP = 0.001
19.88342367,AEP = 0.001
16.98031427,AEP = 0.001
16.1094412,AEP = 0.001
17.65432874,AEP = 0.001
18.55641827,AEP = 0.001
17.83465553,AEP = 0.001
20.4449155,AEP = 0.001
18.52251154,AEP = 0.001
15.62032694,AEP = 0.001
17.48566844,AEP = 0.001
16.30887529,AEP = 0.001
18.82375593,AEP = 0.001
17.4184573,AEP = 0.001
19.40458346,AEP = 0.001
19.29524437,AEP = 0.001
19.65059003,AEP = 0.001
20.97224592,AEP = 0.001
16.48055642,AEP = 0.001
18.99517012,AEP = 0.001
20.51790091,AEP = 0.001
17.09958025,AEP = 0.001
18.00501925,AEP = 0.001
18.08636838,AEP = 0.001
18.12388286,AEP = 0.001
20.54958015,AEP = 0.001
18.37131644,AEP = 0.001
18.81213522,AEP = 0.001
15.15086499,AEP = 0.001
16.02998494,AEP = 0.001
18.75177999,AEP = 0.001
16.55550219,AEP = 0.001
16.90804676,AEP = 0.001
19.93425771,AEP = 0.001
20.51251058,AEP = 0.001
17.27595472,AEP = 0.001
20.69394869,AEP = 0.001
17.48559135,AEP = 0.001
18.89373211,AEP = 0.001
14.73384126,AEP = 0.001
17.78384604,AEP = 0.001
15.26680665,AEP = 0.001
19.16859547,AEP = 0.001
20.03947674,AEP = 0.001
15.77443351,AEP = 0.001
17.38571071,AEP = 0.001
14.85846727,AEP = 0.001
19.80240944,AEP = 0.001
21.12106877,AEP = 0.001
18.45915689,AEP = 0.001
18.18371716,AEP = 0.001
19.33042256,AEP = 0.001
17.99707156,AEP = 0.001
14.80078043,AEP = 0.001
15.58811419,AEP = 0.001
16.86876922,AEP = 0.001
17.21149922,AEP = 0.001
16.22117052,AEP = 0.001
18.08939538,AEP = 0.001
19.1713044,AEP = 0.001
14.78351992,AEP = 0.001
17.14448205,AEP = 0.001
16.89049742,AEP = 0.001
20.62617225,AEP = 0.001
16.91153514,AEP = 0.001
22.30962979,AEP = 0.001
16.55621552,AEP = 0.001
19.3496735,AEP = 0.001
17.86543009,AEP = 0.001
19.70100806,AEP = 0.001
18.06131692,AEP = 0.001
14.87173513,AEP = 0.001
16.1704031,AEP = 0.001
17.92647264,AEP = 0.001
19.44027491,AEP = 0.001
15.53221132,AEP = 0.001
18.17212937,AEP = 0.001
15.08973819,AEP = 0.001
19.45961531,AEP = 0.001
15.25036235,AEP = 0.001
17.13059715,AEP = 0.001
15.69493825,AEP = 0.001
20.1852077,AEP = 0.001
19.89394606,AEP = 0.001
20.58315672,AEP = 0.001
17.94164639,AEP = 0.001
17.08627564,AEP = 0.001
16.19086048,AEP = 0.001
18.62449367,AEP = 0.001
16.23322253,AEP = 0.001
19.24752167,AEP = 0.001
19.04133686,AEP = 0.001
17.95591393,AEP = 0.001
17.63223188,AEP = 0.001
18.69058793,AEP = 0.001
23.4843214,AEP = 0.001
20.62174822,AEP = 0.001
19.35300234,AEP = 0.001
19.18386406,AEP = 0.001
19.10471033,AEP = 0.001
16.60125908,AEP = 0.001
15.83443331,AEP = 0.001
21.38043196,AEP = 0.001
19.56835055,AEP = 0.001
16.31017306,AEP = 0.001
19.65013706,AEP = 0.001
17.81911603,AEP = 0.001
18.55089684,AEP = 0.001
18.0039256,AEP = 0.001
19.55895508,AEP = 0.001
15.15031302,AEP = 0.001
18.74635122,AEP = 0.001
17.25060442,AEP = 0.001
17.51299376,AEP = 0.001
17.49355523,AEP = 0.001
18.83583409,AEP = 0.001
19.3020394,AEP = 0.001
19.59602576,AEP = 0.001
16.8792503,AEP = 0.001
18.03241824,AEP = 0.001
17.06097376,AEP = 0.001
17.6371768,AEP = 0.001
18.93015737,AEP = 0.001
19.14227564,AEP = 0.001
21.16631717,AEP = 0.001
18.02537759,AEP = 0.001
18.30067606,AEP = 0.001
18.96583093,AEP = 0.001
16.88541091,AEP = 0.001
16.98494238,AEP = 0.001
20.08958255,AEP = 0.001
17.2769326,AEP = 0.001
17.82467859,AEP = 0.001
20.93528351,AEP = 0.001
18.86972462,AEP = 0.001
16.91221985,AEP = 0.001
15.26963146,AEP = 0.001
17.32790251,AEP = 0.001
16.57556999,AEP = 0.001
18.79177849,AEP = 0.001
16.65920838,AEP = 0.001
20.36216252,AEP = 0.001
17.79149833,AEP = 0.001
19.19625927,AEP = 0.001
18.4566064,AEP = 0.001
19.49342844,AEP = 0.001
19.02331274,AEP = 0.001
16.96546512,AEP = 0.001
17.47532036,AEP = 0.001
18.37083993,AEP = 0.001
19.93068574,AEP = 0.001
21.61355144,AEP = 0.001
18.59491991,AEP = 0.001
17.54039611,AEP = 0.001
16.07224189,AEP = 0.001
15.98513996,AEP = 0.001
17.16414288,AEP = 0.001
17.28003213,AEP = 0.001
17.16223871,AEP = 0.001
19.90091193,AEP = 0.001
15.52630798,AEP = 0.001
16.17999116,AEP = 0.001
23.302106,AEP = 0.001
17.26825315,AEP = 0.001
19.01612359,AEP = 0.001
19.46502525,AEP = 0.001
19.5228124,AEP = 0.001
15.91982362,AEP = 0.001
14.65862909,AEP = 0.001
17.7094455,AEP = 0.001
20.71453496,AEP = 0.001
19.86984019,AEP = 0.001
17.1666528,AEP = 0.001
20.07198595,AEP = 0.001
15.69474924,AEP = 0.001
16.94445483,AEP = 0.001
16.5034635,AEP = 0.001
17.77557421,AEP = 0.001
21.38715388,AEP = 0.001
21.87310877,AEP = 0.001
17.33770931,AEP = 0.001
15.82380667,AEP = 0.001
16.20173143,AEP = 0.001
14.92872573,AEP = 0.001
14.72860147,AEP = 0.001
16.25480305,AEP = 0.001
14.20717101,AEP = 0.001
17.17594628,AEP = 0.001
20.95941728,AEP = 0.001
17.0021426,AEP = 0.001
19.66968722,AEP = 0.001
17.8536066,AEP = 0.001
15.17605948,AEP = 0.001
16.89272082,AEP = 0.001
18.02906156,AEP = 0.001
20.55379538,AEP = 0.001
20.22661455,AEP = 0.001
15.536728,AEP = 0.001
21.65260054,AEP = 0.001
20.01068467,AEP = 0.001
22.74953107,AEP = 0.001
18.22382467,AEP = 0.001
17.92473981,AEP = 0.001
15.89813452,AEP = 0.001
17.83079644,AEP = 0.001
17.20432428,AEP = 0.001
15.95062876,AEP = 0.001
20.12839515,AEP = 0.001
21.12952276,AEP = 0.001
14.52169642,AEP = 0.001
17.95279712,AEP = 0.001
20.75385167,AEP = 0.001
17.39446621,AEP = 0.001
18.61554595,AEP = 0.001
18.97263298,AEP = 0.001
17.76585993,AEP = 0.001
17.94202291,AEP = 0.001
19.37790768,AEP = 0.001
16.79178511,AEP = 0.001
19.47709249,AEP = 0.001
15.31230619,AEP = 0.001
19.0823899,AEP = 0.001
16.54192469,AEP = 0.001
15.20681817,AEP = 0.001
19.52344837,AEP = 0.001
20.83276115,AEP = 0.001
19.13897262,AEP = 0.001
20.63498307,AEP = 0.001
17.57069499,AEP = 0.001
15.66169294,AEP = 0.001
16.49575205,AEP = 0.001
18.05134592,AEP = 0.001
15.09979584,AEP = 0.001
23.57547557,AEP = 0.001
21.91534754,AEP = 0.001
18.05902407,AEP = 0.001
17.58504658,AEP = 0.001
24.10226412,AEP = 0.001
15.74846236,AEP = 0.001
20.03866368,AEP = 0.001
22.16801609,AEP = 0.001
14.46038402,AEP = 0.001
19.28888432,AEP = 0.001
20.89425776,AEP = 0.001
18.08663107,AEP = 0.001
19.13556286,AEP = 0.001
14.73728979,AEP = 0.001
17.68855216,AEP = 0.001
24.05286871,AEP = 0.001
18.54065661,AEP = 0.001
20.00211628,AEP = 0.001
16.74395402,AEP = 0.001
16.66897004,AEP = 0.001
20.18624425,AEP = 0.001
17.45012943,AEP = 0.001
16.10072163,AEP = 0.001
20.85692548,AEP = 0.001
20.92302998,AEP = 0.001
18.64077819,AEP = 0.001
16.06043589,AEP = 0.001
22.1529748,AEP = 0.001
14.88735236,AEP = 0.001
18.41657545,AEP = 0.001
17.01455813,AEP = 0.001
20.25205526,AEP = 0.001
17.46223263,AEP = 0.001
16.06374608,AEP = 0.001
19.18326127,AEP = 0.001
18.95144154,AEP = 0.001
21.57143277,AEP = 0.001
17.93541288,AEP = 0.001
20.28997847,AEP = 0.001
23.06827407,AEP = 0.001
20.18426937,AEP = 0.001
19.19832445,AEP = 0.001
17.73575413,AEP = 0.001
17.65195406,AEP = 0.001
20.49969209,AEP = 0.001
16.93851309,AEP = 0.001
19.31224055,AEP = 0.001
20.11968617,AEP = 0.001
15.84420751,AEP = 0.001
16.10396218,AEP = 0.001
18.51284269,AEP = 0.001
20.16068083,AEP = 0.001
16.85968587,AEP = 0.001
15.69133522,AEP = 0.001
23.52906243,AEP = 0.001
20.60027391,AEP = 0.001
18.48682063,AEP = 0.001
15.49089554,AEP = 0.001
15.99679446,AEP = 0.001
17.42497063,AEP = 0.001
17.80015569,AEP = 0.001
19.56352351,AEP = 0.001
20.17692158,AEP = 0.001
19.70299663,AEP = 0.001
21.53088953,AEP = 0.001
16.40003561,AEP = 0.001
23.94702917,AEP = 0.001
20.11476826,AEP = 0.001
17.5885829,AEP = 0.001
19.76245434,AEP = 0.001
19.64718084,AEP = 0.001
16.82708154,AEP = 0.001
19.05017525,AEP = 0.001
17.18261558,AEP = 0.001
17.00807547,AEP = 0.001
18.06237837,AEP = 0.001
17.6648681,AEP = 0.001
16.44660539,AEP = 0.001
19.41962198,AEP = 0.001
21.64543009,AEP = 0.001
19.47774634,AEP = 0.001
15.72585625,AEP = 0.001
20.30569051,AEP = 0.001
18.22764634,AEP = 0.001
19.27593858,AEP = 0.001
20.06031829,AEP = 0.001
18.64856323,AEP = 0.001
18.58115513,AEP = 0.001
17.21554591,AEP = 0.001
17.00407993,AEP = 0.001
21.56400442,AEP = 0.001
19.75536827,AEP = 0.001
17.21236096,AEP = 0.001
17.40283033,AEP = 0.001
15.74492842,AEP = 0.001
17.88853722,AEP = 0.001
21.23623919,AEP = 0.001
18.45362546,AEP = 0.001
17.01872705,AEP = 0.001
16.20488467,AEP = 0.001
19.25336789,AEP = 0.001
19.62435183,AEP = 0.001
17.28196343,AEP = 0.001
22.48361846,AEP = 0.001
18.14539972,AEP = 0.001
16.19210565,AEP = 0.001
15.53438156,AEP = 0.001
18.05647442,AEP = 0.001
18.8652974,AEP = 0.001
18.62603082,AEP = 0.001
15.8860388,AEP = 0.001
16.69526105,AEP = 0.001
19.12647781,AEP = 0.001
17.70074723,AEP = 0.001
19.23709202,AEP = 0.001
16.61518585,AEP = 0.001
17.49153082,AEP = 0.001
17.12194191,AEP = 0.001
14.82518141,AEP = 0.001
19.06769881,AEP = 0.001
17.35760428,AEP = 0.001
21.68458053,AEP = 0.001
17.1941354,AEP = 0.001
24.19904811,AEP = 0.001
19.02920728,AEP = 0.001
16.49492042,AEP = 0.001
17.63195443,AEP = 0.001
17.3861974,AEP = 0.001
16.079868,AEP = 0.001
16.83935965,AEP = 0.001
18.12009732,AEP = 0.001
17.18815893,AEP = 0.001
19.41012089,AEP = 0.001
15.5241432,AEP = 0.001
17.48855551,AEP = 0.001
15.40601161,AEP = 0.001
16.0679117,AEP = 0.001
21.58623191,AEP = 0.001
19.3913511,AEP = 0.001
16.71502062,AEP = 0.001
16.19542508,AEP = 0.001
18.50282661,AEP = 0.001
16.42271916,AEP = 0.001
18.87514441,AEP = 0.001
15.71496953,AEP = 0.001
20.80360388,AEP = 0.001
16.92375376,AEP = 0.001
17.32322934,AEP = 0.001
19.08843408,AEP = 0.001
19.48241779,AEP = 0.001
18.52807056,AEP = 0.001
20.16385039,AEP = 0.001
16.56160753,AEP = 0.001
16.55823491,AEP = 0.001
19.09400292,AEP = 0.001
16.4513643,AEP = 0.001
17.04094558,AEP = 0.001
16.26462697,AEP = 0.001
15.40882232,AEP = 0.001
16.7640237,AEP = 0.001
18.83019071,AEP = 0.001
17.67878365,AEP = 0.001
17.63530372,AEP = 0.001
20.30053179,AEP = 0.001
18.39583005,AEP = 0.001
18.95839589,AEP = 0.001
19.87429231,AEP = 0.001
20.28792482,AEP = 0.001
17.33814108,AEP = 0.001
19.73650409,AEP = 0.001
18.22725355,AEP = 0.001
16.18870425,AEP = 0.001
18.23597458,AEP = 0.001
17.21486035,AEP = 0.001
17.3121923,AEP = 0.001
16.36689051,AEP = 0.001
16.06223622,AEP = 0.001
18.31251795,AEP = 0.001
20.02902085,AEP = 0.001
15.39091217,AEP = 0.001
16.07693985,AEP = 0.001
18.16275752,AEP = 0.001
22.80617624,AEP = 0.001
18.94567528,AEP = 0.001
17.05354143,AEP = 0.001
20.98486647,AEP = 0.001
14.55666904,AEP = 0.001
18.70701827,AEP = 0.001
18.25769325,AEP = 0.001
19.09179404,AEP = 0.001
19.891329,AEP = 0.001
17.52064186,AEP = 0.001
17.75658255,AEP = 0.001
21.18863567,AEP = 0.001
18.53132177,AEP = 0.001
15.66091684,AEP = 0.001
16.68450301,AEP = 0.001
21.16361565,AEP = 0.001
17.08752616,AEP = 0.001
17.49663172,AEP = 0.001
17.10542406,AEP = 0.001
18.09706421,AEP = 0.001
16.63143187,AEP = 0.001
17.44439399,AEP = 0.001
17.41782829,AEP = 0.001
22.30387846,AEP = 0.001
17.59429002,AEP = 0.001
19.14240054,AEP = 0.001
17.52545765,AEP = 0.001
19.23545967,AEP = 0.001
19.04110337,AEP = 0.001
15.79443297,AEP = 0.001
14.88902236,AEP = 0.001
18.0809709,AEP = 0.001
20.89605539,AEP = 0.001
18.52889144,AEP = 0.001
15.72229919,AEP = 0.001
18.7704,AEP = 0.001
16.57829165,AEP = 0.001
19.25768829,AEP = 0.001
16.2807652,AEP = 0.001
17.4295517,AEP = 0.001
14.99798646,AEP = 0.001
17.04853713,AEP = 0.001
18.63186399,AEP = 0.001
16.18921439,AEP = 0.001
16.61320644,AEP = 0.001
18.76631758,AEP = 0.001
17.0899573,AEP = 0.001
20.33734189,AEP = 0.001
26.80258337,AEP = 0.0001
22.7133631,AEP = 0.0001
23.97649743,AEP = 0.0001
22.85260768,AEP = 0.0001
19.19254581,AEP = 0.0001
21.25722463,AEP = 0.0001
32.88205333,AEP = 0.0001
21.32416529,AEP = 0.0001
34.71715507,AEP = 0.0001
24.16437211,AEP = 0.0001
25.7368243,AEP = 0.0001
22.39595172,AEP = 0.0001
19.28126995,AEP = 0.0001
17.58830151,AEP = 0.0001
21.20818538,AEP = 0.0001
23.99371634,AEP = 0.0001
22.59856963,AEP = 0.0001
16.35009713,AEP = 0.0001
22.47090213,AEP = 0.0001
19.80878102,AEP = 0.0001
23.47466531,AEP = 0.0001
25.7688351,AEP = 0.0001
23.85733987,AEP = 0.0001
22.82624354,AEP = 0.0001
22.4052633,AEP = 0.0001
17.82883793,AEP = 0.0001
17.67216568,AEP = 0.0001
18.12597783,AEP = 0.0001
21.46228547,AEP = 0.0001
26.5121628,AEP = 0.0001
27.75393243,AEP = 0.0001
24.59484327,AEP = 0.0001
22.07510943,AEP = 0.0001
26.69702912,AEP = 0.0001
21.61197141,AEP = 0.0001
26.66816364,AEP = 0.0001
24.2193557,AEP = 0.0001
24.38414285,AEP = 0.0001
21.99056149,AEP = 0.0001
24.57033352,AEP = 0.0001
19.22041515,AEP = 0.0001
22.38009106,AEP = 0.0001
40.23583951,AEP = 0.0001
26.67537921,AEP = 0.0001
21.49275943,AEP = 0.0001
21.85737256,AEP = 0.0001
18.69926001,AEP = 0.0001
24.30771733,AEP = 0.0001
23.78725828,AEP = 0.0001
19.24051458,AEP = 0.0001
22.90637877,AEP = 0.0001
21.95459855,AEP = 0.0001
26.76338926,AEP = 0.0001
21.80470558,AEP = 0.0001
20.60090043,AEP = 0.0001
21.61992139,AEP = 0.0001
27.02433566,AEP = 0.0001
27.03538981,AEP = 0.0001
26.41733711,AEP = 0.0001
22.43667471,AEP = 0.0001
31.62246305,AEP = 0.0001
18.40214575,AEP = 0.0001
26.22988344,AEP = 0.0001
20.73500987,AEP = 0.0001
20.47039601,AEP = 0.0001
24.04255152,AEP = 0.0001
17.78642736,AEP = 0.0001
30.0854348,AEP = 0.0001
20.06607211,AEP = 0.0001
23.44305007,AEP = 0.0001
23.95922263,AEP = 0.0001
25.89228011,AEP = 0.0001
35.3471485,AEP = 0.0001
21.11348554,AEP = 0.0001
23.76796067,AEP = 0.0001
28.50718873,AEP = 0.0001
23.01611567,AEP = 0.0001
23.40776401,AEP = 0.0001
20.75085347,AEP = 0.0001
22.78778454,AEP = 0.0001
23.62599943,AEP = 0.0001
30.61468617,AEP = 0.0001
29.93256806,AEP = 0.0001
21.07075609,AEP = 0.0001
17.54184346,AEP = 0.0001
26.39496478,AEP = 0.0001
19.8886756,AEP = 0.0001
26.51709974,AEP = 0.0001
24.69657692,AEP = 0.0001
22.52768222,AEP = 0.0001
33.46426906,AEP = 0.0001
16.45746763,AEP = 0.0001
20.35913286,AEP = 0.0001
24.79354569,AEP = 0.0001
27.15059707,AEP = 0.0001
19.40914079,AEP = 0.0001
20.53844807,AEP = 0.0001
27.47339906,AEP = 0.0001
22.76619162,AEP = 0.0001
20.71606011,AEP = 0.0001
19.4007509,AEP = 0.0001
29.23753312,AEP = 0.0001
18.1227672,AEP = 0.0001
22.70525553,AEP = 0.0001
25.88757525,AEP = 0.0001
20.5849318,AEP = 0.0001
23.12134018,AEP = 0.0001
28.82577196,AEP = 0.0001
19.83679216,AEP = 0.0001
26.67861085,AEP = 0.0001
20.36868793,AEP = 0.0001
21.6455342,AEP = 0.0001
21.98923715,AEP = 0.0001
16.87354901,AEP = 0.0001
24.89854003,AEP = 0.0001
27.17728186,AEP = 0.0001
21.04068562,AEP = 0.0001
26.81292181,AEP = 0.0001
27.85152348,AEP = 0.0001
22.75739552,AEP = 0.0001
25.60163131,AEP = 0.0001
32.29067377,AEP = 0.0001
20.30824184,AEP = 0.0001
21.20261639,AEP = 0.0001
22.85293951,AEP = 0.0001
19.03650762,AEP = 0.0001
23.23807002,AEP = 0.0001
28.23285842,AEP = 0.0001
31.98729866,AEP = 0.0001
21.49138371,AEP = 0.0001
23.0564655,AEP = 0.0001
38.35885096,AEP = 0.0001
20.87177395,AEP = 0.0001
23.78511596,AEP = 0.0001
26.67862613,AEP = 0.0001
30.55191816,AEP = 0.0001
25.46749376,AEP = 0.0001
21.76019222,AEP = 0.0001
20.70751944,AEP = 0.0001
28.20903488,AEP = 0.0001
22.92542274,AEP = 0.0001
27.69413139,AEP = 0.0001
19.56600272,AEP = 0.0001
17.65150883,AEP = 0.0001
23.87242879,AEP = 0.0001
17.58191739,AEP = 0.0001
28.26031538,AEP = 0.0001
17.43144717,AEP = 0.0001
26.60987171,AEP = 0.0001
22.21522686,AEP = 0.0001
21.40998229,AEP = 0.0001
25.20232622,AEP = 0.0001
23.40601046,AEP = 0.0001
23.46108763,AEP = 0.0001
28.59758554,AEP = 0.0001
19.91788658,AEP = 0.0001
21.03289387,AEP = 0.0001
20.2749997,AEP = 0.0001
21.48722301,AEP = 0.0001
20.22143347,AEP = 0.0001
20.07084247,AEP = 0.0001
19.55450638,AEP = 0.0001
27.67859852,AEP = 0.0001
20.3998779,AEP = 0.0001
22.0496011,AEP = 0.0001
28.32842932,AEP = 0.0001
31.10257207,AEP = 0.0001
33.89297988,AEP = 0.0001
28.06545256,AEP = 0.0001
21.25557245,AEP = 0.0001
25.88759902,AEP = 0.0001
20.12538727,AEP = 0.0001
25.03570339,AEP = 0.0001
20.9166497,AEP = 0.0001
26.38235946,AEP = 0.0001
19.98596221,AEP = 0.0001
29.68045865,AEP = 0.0001
31.79153321,AEP = 0.0001
26.07760568,AEP = 0.0001
23.26942114,AEP = 0.0001
23.0783537,AEP = 0.0001
34.38791351,AEP = 0.0001
26.44783521,AEP = 0.0001
20.51370207,AEP = 0.0001
21.96539893,AEP = 0.0001
20.45968727,AEP = 0.0001
21.14068482,AEP = 0.0001
18.98876323,AEP = 0.0001
20.11801185,AEP = 0.0001
25.535983,AEP = 0.0001
21.97128744,AEP = 0.0001
17.82400329,AEP = 0.0001
23.6825681,AEP = 0.0001
25.29327103,AEP = 0.0001
22.5230328,AEP = 0.0001
23.0349963,AEP = 0.0001
20.42952685,AEP = 0.0001
38.28809162,AEP = 0.0001
26.89083724,AEP = 0.0001
31.18189125,AEP = 0.0001
26.83873056,AEP = 0.0001
25.48151701,AEP = 0.0001
22.01350502,AEP = 0.0001
20.33223315,AEP = 0.0001
19.25968781,AEP = 0.0001
29.3580797,AEP = 0.0001
24.02192442,AEP = 0.0001
26.92611392,AEP = 0.0001
23.20339767,AEP = 0.0001
18.3801947,AEP = 0.0001
23.8165064,AEP = 0.0001
21.9762771,AEP = 0.0001
21.76693991,AEP = 0.0001
22.42818682,AEP = 0.0001
26.17184899,AEP = 0.0001
23.7985415,AEP = 0.0001
23.34879978,AEP = 0.0001
23.63325262,AEP = 0.0001
26.58019624,AEP = 0.0001
32.00656103,AEP = 0.0001
19.4315086,AEP = 0.0001
23.59575867,AEP = 0.0001
24.28323116,AEP = 0.0001
25.44988394,AEP = 0.0001
28.43401482,AEP = 0.0001
23.40944997,AEP = 0.0001
23.7150202,AEP = 0.0001
25.54754307,AEP = 0.0001
19.70190255,AEP = 0.0001
21.99512559,AEP = 0.0001
23.85527124,AEP = 0.0001
29.58302043,AEP = 0.0001
22.11047587,AEP = 0.0001
21.47341666,AEP = 0.0001
18.34121966,AEP = 0.0001
27.28349406,AEP = 0.0001
25.44934989,AEP = 0.0001
23.50029141,AEP = 0.0001
25.68603344,AEP = 0.0001
20.53899131,AEP = 0.0001
24.45540733,AEP = 0.0001
23.3960574,AEP = 0.0001
24.39767434,AEP = 0.0001
26.84811814,AEP = 0.0001
19.55538209,AEP = 0.0001
21.17864607,AEP = 0.0001
27.94707416,AEP = 0.0001
25.64009445,AEP = 0.0001
19.47883379,AEP = 0.0001
20.37215691,AEP = 0.0001
23.1496834,AEP = 0.0001
23.70322169,AEP = 0.0001
22.52875517,AEP = 0.0001
26.88433969,AEP = 0.0001
25.47419341,AEP = 0.0001
20.56972102,AEP = 0.0001
24.37353226,AEP = 0.0001
23.45648898,AEP = 0.0001
20.1821661,AEP = 0.0001
18.63656657,AEP = 0.0001
34.78440439,AEP = 0.0001
26.07643539,AEP = 0.0001
16.61971048,AEP = 0.0001
24.16952883,AEP = 0.0001
23.52367239,AEP = 0.0001
23.7055462,AEP = 0.0001
28.17232864,AEP = 0.0001
18.97475149,AEP = 0.0001
29.68001796,AEP = 0.0001
21.18741027,AEP = 0.0001
21.40376461,AEP = 0.0001
25.01425402,AEP = 0.0001
27.9919475,AEP = 0.0001
21.17929183,AEP = 0.0001
26.43963882,AEP = 0.0001
21.39890348,AEP = 0.0001
19.94969014,AEP = 0.0001
24.20317144,AEP = 0.0001
21.00967703,AEP = 0.0001
19.56024606,AEP = 0.0001
20.44851578,AEP = 0.0001
25.1372958,AEP = 0.0001
20.04895823,AEP = 0.0001
31.45643292,AEP = 0.0001
25.93840784,AEP = 0.0001
29.70617608,AEP = 0.0001
27.75422334,AEP = 0.0001
25.23651181,AEP = 0.0001
19.94921916,AEP = 0.0001
31.19887666,AEP = 0.0001
25.33405037,AEP = 0.0001
23.18070512,AEP = 0.0001
25.62125221,AEP = 0.0001
29.11388897,AEP = 0.0001
20.84721502,AEP = 0.0001
19.13771719,AEP = 0.0001
20.81250394,AEP = 0.0001
22.91155115,AEP = 0.0001
25.42095013,AEP = 0.0001
20.99234578,AEP = 0.0001
21.72653387,AEP = 0.0001
24.36566471,AEP = 0.0001
22.32754114,AEP = 0.0001
26.69994212,AEP = 0.0001
22.87059195,AEP = 0.0001
25.95734275,AEP = 0.0001
25.58761259,AEP = 0.0001
23.2146889,AEP = 0.0001
18.93120985,AEP = 0.0001
29.98820135,AEP = 0.0001
18.04039705,AEP = 0.0001
27.94270931,AEP = 0.0001
20.89343914,AEP = 0.0001
25.07175399,AEP = 0.0001
22.90296216,AEP = 0.0001
20.38751,AEP = 0.0001
18.89016357,AEP = 0.0001
22.37453125,AEP = 0.0001
27.65920853,AEP = 0.0001
23.7628318,AEP = 0.0001
22.62127367,AEP = 0.0001
28.86443927,AEP = 0.0001
20.73465049,AEP = 0.0001
20.5151602,AEP = 0.0001
27.18637682,AEP = 0.0001
21.26606998,AEP = 0.0001
18.96472009,AEP = 0.0001
25.27518057,AEP = 0.0001
31.46049028,AEP = 0.0001
31.59671262,AEP = 0.0001
21.50576977,AEP = 0.0001
23.57797954,AEP = 0.0001
26.53900175,AEP = 0.0001
23.70851468,AEP = 0.0001
26.18722568,AEP = 0.0001
32.6299111,AEP = 0.0001
24.9789677,AEP = 0.0001
26.72120971,AEP = 0.0001
17.85369985,AEP = 0.0001
27.48305373,AEP = 0.0001
29.47148236,AEP = 0.0001
27.04613805,AEP = 0.0001
22.86102111,AEP = 0.0001
25.98817513,AEP = 0.0001
20.61809323,AEP = 0.0001
18.21874938,AEP = 0.0001
29.05638628,AEP = 0.0001
21.508552,AEP = 0.0001
18.64590582,AEP = 0.0001
22.32941971,AEP = 0.0001
21.53069603,AEP = 0.0001
22.21758807,AEP = 0.0001
20.08827735,AEP = 0.0001
24.91280191,AEP = 0.0001
24.93451713,AEP = 0.0001
33.8687846,AEP = 0.0001
21.00141678,AEP = 0.0001
22.63714141,AEP = 0.0001
19.70426382,AEP = 0.0001
24.88132055,AEP = 0.0001
20.16479111,AEP = 0.0001
19.16005159,AEP = 0.0001
25.74051126,AEP = 0.0001
33.54272864,AEP = 0.0001
24.43508937,AEP = 0.0001
26.35428138,AEP = 0.0001
21.82887521,AEP = 0.0001
21.10518417,AEP = 0.0001
23.74374948,AEP = 0.0001
20.08358855,AEP = 0.0001
22.96857959,AEP = 0.0001
24.89999226,AEP = 0.0001
23.27998874,AEP = 0.0001
19.8603376,AEP = 0.0001
24.07452048,AEP = 0.0001
19.23739763,AEP = 0.0001
20.52363716,AEP = 0.0001
21.17687878,AEP = 0.0001
18.33786636,AEP = 0.0001
23.05676135,AEP = 0.0001
23.88171822,AEP = 0.0001
16.86548523,AEP = 0.0001
20.03005386,AEP = 0.0001
16.71526857,AEP = 0.0001
26.38069531,AEP = 0.0001
22.0505486,AEP = 0.0001
21.50295326,AEP = 0.0001
25.49321751,AEP = 0.0001
20.23630578,AEP = 0.0001
20.34663413,AEP = 0.0001
29.94126836,AEP = 0.0001
23.28350704,AEP = 0.0001
22.82968064,AEP = 0.0001
22.74292648,AEP = 0.0001
23.42500285,AEP = 0.0001
21.05798806,AEP = 0.0001
29.55032596,AEP = 0.0001
25.63987404,AEP = 0.0001
19.36500249,AEP = 0.0001
32.95548338,AEP = 0.0001
20.90762616,AEP = 0.0001
23.35234734,AEP = 0.0001
17.89096375,AEP = 0.0001
17.47467311,AEP = 0.0001
22.61034973,AEP = 0.0001
23.32458742,AEP = 0.0001
32.89289814,AEP = 0.0001
24.52852648,AEP = 0.0001
23.99702172,AEP = 0.0001
21.57532494,AEP = 0.0001
27.15088689,AEP = 0.0001
21.54731786,AEP = 0.0001
20.15229036,AEP = 0.0001
20.78482079,AEP = 0.0001
19.97344347,AEP = 0.0001
31.13704986,AEP = 0.0001
31.75201577,AEP = 0.0001
21.90629015,AEP = 0.0001
30.41265672,AEP = 0.0001
26.72756008,AEP = 0.0001
26.27859026,AEP = 0.0001
24.90942809,AEP = 0.0001
19.2043569,AEP = 0.0001
20.26829147,AEP = 0.0001
23.05088327,AEP = 0.0001
28.24038995,AEP = 0.0001
28.41796366,AEP = 0.0001
25.16212384,AEP = 0.0001
20.32252717,AEP = 0.0001
22.04305947,AEP = 0.0001
21.75177836,AEP = 0.0001
29.17044288,AEP = 0.0001
27.59412747,AEP = 0.0001
22.85333032,AEP = 0.0001
22.05351697,AEP = 0.0001
25.18766598,AEP = 0.0001
16.58950259,AEP = 0.0001
19.66240605,AEP = 0.0001
25.13591901,AEP = 0.0001
20.831518,AEP = 0.0001
25.14572088,AEP = 0.0001
27.45830128,AEP = 0.0001
22.72952944,AEP = 0.0001
21.95499537,AEP = 0.0001
24.32411732,AEP = 0.0001
29.88750486,AEP = 0.0001
20.20073542,AEP = 0.0001
21.58883837,AEP = 0.0001
19.88082659,AEP = 0.0001
21.15717921,AEP = 0.0001
25.14452157,AEP = 0.0001
26.63779304,AEP = 0.0001
23.97741253,AEP = 0.0001
18.74141851,AEP = 0.0001
22.92455762,AEP = 0.0001
25.33983915,AEP = 0.0001
22.4917293,AEP = 0.0001
20.35154636,AEP = 0.0001
25.09524716,AEP = 0.0001
18.83036126,AEP = 0.0001
19.32237143,AEP = 0.0001
20.74186176,AEP = 0.0001
19.16798313,AEP = 0.0001
27.1428854,AEP = 0.0001
22.6948775,AEP = 0.0001
20.13771441,AEP = 0.0001
19.58666799,AEP = 0.0001
21.92012157,AEP = 0.0001
21.30963841,AEP = 0.0001
20.10679787,AEP = 0.0001
24.97728508,AEP = 0.0001
20.68524981,AEP = 0.0001
27.43234813,AEP = 0.0001
19.73244353,AEP = 0.0001
26.75166296,AEP = 0.0001
24.44473118,AEP = 0.0001
24.92253662,AEP = 0.0001
30.98217209,AEP = 0.0001
20.6090237,AEP = 0.0001
20.1966687,AEP = 0.0001
24.13051461,AEP = 0.0001
16.04815345,AEP = 0.0001
16.92176769,AEP = 0.0001
21.27066934,AEP = 0.0001
21.44023207,AEP = 0.0001
19.78376859,AEP = 0.0001
19.87676469,AEP = 0.0001
20.2703133,AEP = 0.0001
25.86393228,AEP = 0.0001
20.10152868,AEP = 0.0001
21.23238876,AEP = 0.0001
28.90465914,AEP = 0.0001
31.49827668,AEP = 0.0001
19.34865022,AEP = 0.0001
18.85349919,AEP = 0.0001
22.69210144,AEP = 0.0001
24.31264701,AEP = 0.0001
24.98481451,AEP = 0.0001
23.4088303,AEP = 0.0001
17.93651606,AEP = 0.0001
27.15903222,AEP = 0.0001
27.66075873,AEP = 0.0001
22.30202056,AEP = 0.0001
29.40448309,AEP = 0.0001
24.692367,AEP = 0.0001
21.16097544,AEP = 0.0001
17.65592881,AEP = 0.0001
18.41134315,AEP = 0.0001
22.07789155,AEP = 0.0001
18.42346655,AEP = 0.0001
26.86292698,AEP = 0.0001
19.57978544,AEP = 0.0001
29.87165004,AEP = 0.0001
21.72166598,AEP = 0.0001
23.05711571,AEP = 0.0001
20.81128354,AEP = 0.0001
19.16700793,AEP = 0.0001
23.27384197,AEP = 0.0001
22.65762848,AEP = 0.0001
35.09862559,AEP = 0.0001
22.61717827,AEP = 0.0001
24.57252572,AEP = 0.0001
18.98511262,AEP = 0.0001
16.10062719,AEP = 0.0001
24.80491883,AEP = 0.0001
25.36869859,AEP = 0.0001
20.7148134,AEP = 0.0001
24.547609,AEP = 0.0001
23.39371665,AEP = 0.0001
24.63679569,AEP = 0.0001
19.3091545,AEP = 0.0001
20.87258918,AEP = 0.0001
23.51478853,AEP = 0.0001
24.00012866,AEP = 0.0001
26.83324241,AEP = 0.0001
18.44246097,AEP = 0.0001
22.40701717,AEP = 0.0001
23.68482809,AEP = 0.0001
28.11511105,AEP = 0.0001
21.62793797,AEP = 0.0001
19.5218361,AEP = 0.0001
22.62302133,AEP = 0.0001
24.74853552,AEP = 0.0001
23.47655462,AEP = 0.0001
27.7062285,AEP = 0.0001
24.43174241,AEP = 0.0001
18.55464431,AEP = 0.0001
21.70234522,AEP = 0.0001
19.65534263,AEP = 0.0001
25.3505198,AEP = 0.0001
22.31424451,AEP = 0.0001
26.18683075,AEP = 0.0001
25.96780047,AEP = 0.0001
26.76666904,AEP = 0.0001
29.24965041,AEP = 0.0001
20.3211569,AEP = 0.0001
25.29347759,AEP = 0.0001
29.00377673,AEP = 0.0001
21.0472576,AEP = 0.0001
23.15104212,AEP = 0.0001
23.70340606,AEP = 0.0001
23.43769408,AEP = 0.0001
28.36907274,AEP = 0.0001
24.39779492,AEP = 0.0001
24.56084696,AEP = 0.0001
17.3700898,AEP = 0.0001
19.4864741,AEP = 0.0001
24.82315163,AEP = 0.0001
19.94482727,AEP = 0.0001
21.56876002,AEP = 0.0001
27.2410844,AEP = 0.0001
28.81756688,AEP = 0.0001
22.02719817,AEP = 0.0001
28.98060533,AEP = 0.0001
22.59806235,AEP = 0.0001
24.98904695,AEP = 0.0001
17.09467861,AEP = 0.0001
22.73149596,AEP = 0.0001
18.07842056,AEP = 0.0001
24.83105056,AEP = 0.0001
28.02969303,AEP = 0.0001
19.12880348,AEP = 0.0001
21.97367336,AEP = 0.0001
17.2960436,AEP = 0.0001
26.86639518,AEP = 0.0001
30.04225884,AEP = 0.0001
23.69876276,AEP = 0.0001
22.92194517,AEP = 0.0001
24.99169243,AEP = 0.0001
23.23172795,AEP = 0.0001
17.2364998,AEP = 0.0001
18.43419045,AEP = 0.0001
21.35948668,AEP = 0.0001
21.9475507,AEP = 0.0001
20.06955779,AEP = 0.0001
23.14572584,AEP = 0.0001
25.27869392,AEP = 0.0001
17.45294354,AEP = 0.0001
22.0674745,AEP = 0.0001
21.64957372,AEP = 0.0001
29.13325397,AEP = 0.0001
20.9600125,AEP = 0.0001
33.18203197,AEP = 0.0001
20.78971768,AEP = 0.0001
26.53150402,AEP = 0.0001
23.40667899,AEP = 0.0001
27.98106412,AEP = 0.0001
23.40820013,AEP = 0.0001
17.31004755,AEP = 0.0001
19.7213224,AEP = 0.0001
22.65387822,AEP = 0.0001
25.53125169,AEP = 0.0001
18.73765996,AEP = 0.0001
23.34035101,AEP = 0.0001
17.72541663,AEP = 0.0001
26.04550057,AEP = 0.0001
17.78770085,AEP = 0.0001
21.86583301,AEP = 0.0001
18.99443135,AEP = 0.0001
27.50155659,AEP = 0.0001
27.62537516,AEP = 0.0001
28.40021029,AEP = 0.0001
23.60579261,AEP = 0.0001
21.29270604,AEP = 0.0001
19.63490876,AEP = 0.0001
24.17563585,AEP = 0.0001
19.27895611,AEP = 0.0001
26.35988017,AEP = 0.0001
25.36828315,AEP = 0.0001
22.6852448,AEP = 0.0001
22.07138175,AEP = 0.0001
24.88997301,AEP = 0.0001
34.50187916,AEP = 0.0001
28.3416171,AEP = 0.0001
25.70816407,AEP = 0.0001
25.24152531,AEP = 0.0001
25.47370316,AEP = 0.0001
20.10894617,AEP = 0.0001
19.56884311,AEP = 0.0001
30.41212548,AEP = 0.0001
26.35299716,AEP = 0.0001
19.56345287,AEP = 0.0001
26.31313452,AEP = 0.0001
22.88630744,AEP = 0.0001
24.36183402,AEP = 0.0001
23.32989365,AEP = 0.0001
26.31030046,AEP = 0.0001
17.86553728,AEP = 0.0001
24.83959778,AEP = 0.0001
21.81390652,AEP = 0.0001
22.57866042,AEP = 0.0001
22.23004792,AEP = 0.0001
24.66916021,AEP = 0.0001
25.66438558,AEP = 0.0001
26.25670093,AEP = 0.0001
21.34822616,AEP = 0.0001
22.57074498,AEP = 0.0001
21.0865975,AEP = 0.0001
22.80025513,AEP = 0.0001
24.41351539,AEP = 0.0001
25.4386944,AEP = 0.0001
30.38523659,AEP = 0.0001
23.28866792,AEP = 0.0001
23.92832208,AEP = 0.0001
24.73304907,AEP = 0.0001
20.86902681,AEP = 0.0001
20.89831219,AEP = 0.0001
27.88702009,AEP = 0.0001
21.54786321,AEP = 0.0001
23.14886588,AEP = 0.0001
29.61758041,AEP = 0.0001
25.47937326,AEP = 0.0001
21.1191696,AEP = 0.0001
18.00168718,AEP = 0.0001
21.95376129,AEP = 0.0001
19.95979653,AEP = 0.0001
24.10996867,AEP = 0.0001
20.63867718,AEP = 0.0001
27.93813676,AEP = 0.0001
22.1176287,AEP = 0.0001
25.74171648,AEP = 0.0001
23.9799309,AEP = 0.0001
26.71308063,AEP = 0.0001
25.06354336,AEP = 0.0001
20.85352349,AEP = 0.0001
21.78803113,AEP = 0.0001
23.74387764,AEP = 0.0001
27.11577849,AEP = 0.0001
30.38967601,AEP = 0.0001
23.94482452,AEP = 0.0001
21.76886017,AEP = 0.0001
19.73919151,AEP = 0.0001
18.97765811,AEP = 0.0001
21.00959883,AEP = 0.0001
21.68002081,AEP = 0.0001
21.57655923,AEP = 0.0001
27.42640464,AEP = 0.0001
18.59661594,AEP = 0.0001
19.1936858,AEP = 0.0001
34.69465488,AEP = 0.0001
21.99140233,AEP = 0.0001
25.43288821,AEP = 0.0001
25.98225916,AEP = 0.0001
26.55502645,AEP = 0.0001
19.25510436,AEP = 0.0001
17.17388695,AEP = 0.0001
22.51942158,AEP = 0.0001
28.7155896,AEP = 0.0001
27.68773852,AEP = 0.0001
21.74938453,AEP = 0.0001
27.53012428,AEP = 0.0001
18.49911058,AEP = 0.0001
20.94771579,AEP = 0.0001
20.12338473,AEP = 0.0001
23.43597591,AEP = 0.0001
30.28988333,AEP = 0.0001
31.99197031,AEP = 0.0001
22.0869078,AEP = 0.0001
19.47535195,AEP = 0.0001
19.77671851,AEP = 0.0001
17.46804736,AEP = 0.0001
16.85581218,AEP = 0.0001
19.93697651,AEP = 0.0001
16.36712901,AEP = 0.0001
21.95376466,AEP = 0.0001
29.03503302,AEP = 0.0001
21.20971101,AEP = 0.0001
26.89618703,AEP = 0.0001
23.10500641,AEP = 0.0001
17.82238502,AEP = 0.0001
20.47469744,AEP = 0.0001
23.23698744,AEP = 0.0001
28.51220681,AEP = 0.0001
27.86995433,AEP = 0.0001
18.66252043,AEP = 0.0001
31.65504418,AEP = 0.0001
27.71929345,AEP = 0.0001
34.92762505,AEP = 0.0001
23.83396389,AEP = 0.0001
23.36829604,AEP = 0.0001
18.85219095,AEP = 0.0001
23.04543985,AEP = 0.0001
20.94693157,AEP = 0.0001
19.37650297,AEP = 0.0001
27.76979781,AEP = 0.0001
30.57670491,AEP = 0.0001
17.29727886,AEP = 0.0001
22.95003579,AEP = 0.0001
29.05458533,AEP = 0.0001
22.41516564,AEP = 0.0001
24.71269276,AEP = 0.0001
25.12691009,AEP = 0.0001
22.34942174,AEP = 0.0001
22.9400738,AEP = 0.0001
25.32247051,AEP = 0.0001
21.00618037,AEP = 0.0001
26.38914352,AEP = 0.0001
17.76137703,AEP = 0.0001
25.83075635,AEP = 0.0001
20.49805173,AEP = 0.0001
17.95714731,AEP = 0.0001
25.89551985,AEP = 0.0001
29.81657981,AEP = 0.0001
25.57445173,AEP = 0.0001
27.86352047,AEP = 0.0001
21.65643567,AEP = 0.0001
18.65773693,AEP = 0.0001
20.77985689,AEP = 0.0001
23.49601487,AEP = 0.0001
17.68325925,AEP = 0.0001
35.27464757,AEP = 0.0001
31.90608329,AEP = 0.0001
23.00031904,AEP = 0.0001
22.92156113,AEP = 0.0001
36.81646679,AEP = 0.0001
18.78880348,AEP = 0.0001
27.84787465,AEP = 0.0001
31.87903603,AEP = 0.0001
17.0025385,AEP = 0.0001
25.94618163,AEP = 0.0001
29.41654752,AEP = 0.0001
24.31895616,AEP = 0.0001
26.15371231,AEP = 0.0001
17.41006613,AEP = 0.0001
22.71212045,AEP = 0.0001
37.32714453,AEP = 0.0001
24.52787396,AEP = 0.0001
27.86088379,AEP = 0.0001
21.21277161,AEP = 0.0001
20.83113376,AEP = 0.0001
27.64504796,AEP = 0.0001
22.22311449,AEP = 0.0001
19.82932264,AEP = 0.0001
28.65163336,AEP = 0.0001
29.7592929,AEP = 0.0001
24.71471145,AEP = 0.0001
19.54182291,AEP = 0.0001
32.41389648,AEP = 0.0001
17.6477045,AEP = 0.0001
24.75560503,AEP = 0.0001
20.84700333,AEP = 0.0001
27.58244693,AEP = 0.0001
21.78376522,AEP = 0.0001
18.93800736,AEP = 0.0001
26.85624187,AEP = 0.0001
25.01908026,AEP = 0.0001
30.83563913,AEP = 0.0001
22.86320387,AEP = 0.0001
27.68704884,AEP = 0.0001
34.29867683,AEP = 0.0001
27.910134,AEP = 0.0001
25.37524117,AEP = 0.0001
22.09710832,AEP = 0.0001
22.4084001,AEP = 0.0001
28.27503245,AEP = 0.0001
21.33248697,AEP = 0.0001
26.45720692,AEP = 0.0001
28.0870501,AEP = 0.0001
19.36608203,AEP = 0.0001
19.3140343,AEP = 0.0001
23.94861884,AEP = 0.0001
27.71482263,AEP = 0.0001
21.11758266,AEP = 0.0001
18.88011505,AEP = 0.0001
36.79108634,AEP = 0.0001
29.26166691,AEP = 0.0001
24.18438937,AEP = 0.0001
18.67063413,AEP = 0.0001
19.37747019,AEP = 0.0001
21.69631188,AEP = 0.0001
22.67434336,AEP = 0.0001
25.94322328,AEP = 0.0001
26.99101446,AEP = 0.0001
26.65725483,AEP = 0.0001
31.08210686,AEP = 0.0001
20.45453659,AEP = 0.0001
36.2894283,AEP = 0.0001
28.06663765,AEP = 0.0001
22.50870758,AEP = 0.0001
27.03378728,AEP = 0.0001
26.49687764,AEP = 0.0001
21.22976145,AEP = 0.0001
25.52602986,AEP = 0.0001
21.70830077,AEP = 0.0001
21.04560733,AEP = 0.0001
23.34372501,AEP = 0.0001
22.4337393,AEP = 0.0001
20.36926575,AEP = 0.0001
26.59961079,AEP = 0.0001
31.12974397,AEP = 0.0001
26.17099594,AEP = 0.0001
18.92216538,AEP = 0.0001
28.48031244,AEP = 0.0001
23.78944609,AEP = 0.0001
25.69496076,AEP = 0.0001
27.21452689,AEP = 0.0001
24.77613841,AEP = 0.0001
24.61141327,AEP = 0.0001
20.88575543,AEP = 0.0001
20.72943914,AEP = 0.0001
30.29610904,AEP = 0.0001
26.06217334,AEP = 0.0001
21.96328947,AEP = 0.0001
22.38187211,AEP = 0.0001
19.2044098,AEP = 0.0001
22.4523084,AEP = 0.0001
30.68202941,AEP = 0.0001
23.66032123,AEP = 0.0001
21.48299511,AEP = 0.0001
19.81152429,AEP = 0.0001
25.42366268,AEP = 0.0001
26.82943254,AEP = 0.0001
21.29408337,AEP = 0.0001
32.75238005,AEP = 0.0001
23.1968873,AEP = 0.0001
19.47891892,AEP = 0.0001
18.53134711,AEP = 0.0001
22.96393578,AEP = 0.0001
24.97600301,AEP = 0.0001
24.42673906,AEP = 0.0001
19.23387726,AEP = 0.0001
20.65443505,AEP = 0.0001
25.29369101,AEP = 0.0001
22.42062892,AEP = 0.0001
26.02398004,AEP = 0.0001
19.65407033,AEP = 0.0001
21.88993248,AEP = 0.0001
21.70816015,AEP = 0.0001
17.09216411,AEP = 0.0001
25.71756847,AEP = 0.0001
21.85488867,AEP = 0.0001
30.58089714,AEP = 0.0001
22.25035206,AEP = 0.0001
35.64028589,AEP = 0.0001
25.46959257,AEP = 0.0001
19.37836321,AEP = 0.0001
22.47770146,AEP = 0.0001
22.62173384,AEP = 0.0001
19.7232188,AEP = 0.0001
21.45012939,AEP = 0.0001
23.11448941,AEP = 0.0001
22.04597546,AEP = 0.0001
25.57137999,AEP = 0.0001
18.75633694,AEP = 0.0001
22.22893297,AEP = 0.0001
17.99118551,AEP = 0.0001
20.24802345,AEP = 0.0001
30.24731476,AEP = 0.0001
26.11326592,AEP = 0.0001
20.1657242,AEP = 0.0001
19.53424733,AEP = 0.0001
24.42748163,AEP = 0.0001
19.8089162,AEP = 0.0001
25.12497828,AEP = 0.0001
19.01445698,AEP = 0.0001
28.73988843,AEP = 0.0001
21.03514667,AEP = 0.0001
22.12779746,AEP = 0.0001
24.81080773,AEP = 0.0001
26.39865662,AEP = 0.0001
24.62576263,AEP = 0.0001
27.32134517,AEP = 0.0001
20.60328214,AEP = 0.0001
20.39919356,AEP = 0.0001
25.90839205,AEP = 0.0001
20.1893215,AEP = 0.0001
21.18647427,AEP = 0.0001
19.83120335,AEP = 0.0001
18.54240132,AEP = 0.0001
20.51830784,AEP = 0.0001
25.13393887,AEP = 0.0001
21.76955151,AEP = 0.0001
22.59841837,AEP = 0.0001
28.19117655,AEP = 0.0001
23.81449593,AEP = 0.0001
24.70743844,AEP = 0.0001
27.05369703,AEP = 0.0001
28.0071402,AEP = 0.0001
21.82910691,AEP = 0.0001
26.82167141,AEP = 0.0001
23.70137146,AEP = 0.0001
19.47725299,AEP = 0.0001
23.52788007,AEP = 0.0001
22.51966406,AEP = 0.0001
21.78235054,AEP = 0.0001
20.0748518,AEP = 0.0001
19.2983135,AEP = 0.0001
23.89444956,AEP = 0.0001
27.84321464,AEP = 0.0001
18.63093979,AEP = 0.0001
19.76269296,AEP = 0.0001
23.14609496,AEP = 0.0001
33.52645847,AEP = 0.0001
25.321685,AEP = 0.0001
21.23483118,AEP = 0.0001
29.6064936,AEP = 0.0001
16.81309804,AEP = 0.0001
24.79580648,AEP = 0.0001
23.7549343,AEP = 0.0001
25.26514041,AEP = 0.0001
27.13795394,AEP = 0.0001
22.01962284,AEP = 0.0001
22.70539348,AEP = 0.0001
30.11594809,AEP = 0.0001
24.21260389,AEP = 0.0001
18.62272768,AEP = 0.0001
20.63663187,AEP = 0.0001
30.35148395,AEP = 0.0001
21.78711037,AEP = 0.0001
22.05411641,AEP = 0.0001
22.13124876,AEP = 0.0001
22.93011045,AEP = 0.0001
20.46999367,AEP = 0.0001
22.03210391,AEP = 0.0001
22.03793394,AEP = 0.0001
31.96330866,AEP = 0.0001
22.58393032,AEP = 0.0001
25.09098398,AEP = 0.0001
21.78660186,AEP = 0.0001
25.42927203,AEP = 0.0001
24.84084583,AEP = 0.0001
19.00642524,AEP = 0.0001
17.39714618,AEP = 0.0001
24.14974517,AEP = 0.0001
29.62369762,AEP = 0.0001
23.7306334,AEP = 0.0001
18.83078281,AEP = 0.0001
25.24430906,AEP = 0.0001
20.44905319,AEP = 0.0001
26.05953101,AEP = 0.0001
19.40772645,AEP = 0.0001
21.94209189,AEP = 0.0001
17.79958278,AEP = 0.0001
21.20957138,AEP = 0.0001
24.94918773,AEP = 0.0001
19.47844748,AEP = 0.0001
20.2449162,AEP = 0.0001
24.61989813,AEP = 0.0001
21.33063733,AEP = 0.0001
28.10151563,AEP = 0.0001
