Cougar_3day_inflow,Sample_AEP
18355.68621,AEP = 0.001
19025.5926,AEP = 0.001
23800.26523,AEP = 0.001
19255.36775,AEP = 0.001
24920.45114,AEP = 0.001
28984.94739,AEP = 0.001
24094.83556,AEP = 0.001
22792.68577,AEP = 0.001
22238.98732,AEP = 0.001
22742.98171,AEP = 0.001
22441.98373,AEP = 0.001
25917.32137,AEP = 0.001
25823.74993,AEP = 0.001
18175.46492,AEP = 0.001
16330.40685,AEP = 0.001
19637.52277,AEP = 0.001
21018.89436,AEP = 0.001
18818.25191,AEP = 0.001
22540.92999,AEP = 0.001
20795.82056,AEP = 0.001
16036.9044,AEP = 0.001
18852.12722,AEP = 0.001
26133.05908,AEP = 0.001
20187.8334,AEP = 0.001
16975.31587,AEP = 0.001
17522.06658,AEP = 0.001
29933.83189,AEP = 0.001
22497.24683,AEP = 0.001
19952.63177,AEP = 0.001
24680.73018,AEP = 0.001
21179.12557,AEP = 0.001
20356.18914,AEP = 0.001
22634.54659,AEP = 0.001
23140.62288,AEP = 0.001
18737.82561,AEP = 0.001
24229.57783,AEP = 0.001
19341.71443,AEP = 0.001
20993.73457,AEP = 0.001
17209.07179,AEP = 0.001
20451.2205,AEP = 0.001
23631.2463,AEP = 0.001
22178.31106,AEP = 0.001
19745.13463,AEP = 0.001
21894.26292,AEP = 0.001
19486.68268,AEP = 0.001
19414.45241,AEP = 0.001
19978.41183,AEP = 0.001
23504.50902,AEP = 0.001
20375.48679,AEP = 0.001
20415.61216,AEP = 0.001
20559.24726,AEP = 0.001
22437.26524,AEP = 0.001
19838.75645,AEP = 0.001
19770.04286,AEP = 0.001
20778.09306,AEP = 0.001
19562.27479,AEP = 0.001
17222.41168,AEP = 0.001
17791.26209,AEP = 0.001
16506.43089,AEP = 0.001
31714.54821,AEP = 0.001
19036.6767,AEP = 0.001
26327.61649,AEP = 0.001
27005.77836,AEP = 0.001
22590.84478,AEP = 0.001
24727.59038,AEP = 0.001
24715.38262,AEP = 0.001
21102.6799,AEP = 0.001
22748.2572,AEP = 0.001
24168.42963,AEP = 0.001
16527.93114,AEP = 0.001
21892.29376,AEP = 0.001
29294.67477,AEP = 0.001
29554.17486,AEP = 0.001
20185.24378,AEP = 0.001
15458.40509,AEP = 0.001
20221.75678,AEP = 0.001
33279.04811,AEP = 0.001
17356.80562,AEP = 0.001
18677.18412,AEP = 0.001
24622.69841,AEP = 0.001
17024.01184,AEP = 0.001
22744.86752,AEP = 0.001
18456.99226,AEP = 0.001
22311.92009,AEP = 0.001
21884.77837,AEP = 0.001
18576.6092,AEP = 0.001
23931.06916,AEP = 0.001
14923.37669,AEP = 0.001
22033.38259,AEP = 0.001
24384.49479,AEP = 0.001
18725.97794,AEP = 0.001
26050.65039,AEP = 0.001
18962.139,AEP = 0.001
21326.18106,AEP = 0.001
23433.64188,AEP = 0.001
20697.78147,AEP = 0.001
29213.36721,AEP = 0.001
19844.22619,AEP = 0.001
24457.62459,AEP = 0.001
26454.54692,AEP = 0.001
29455.10447,AEP = 0.001
21756.93834,AEP = 0.001
21300.65267,AEP = 0.001
13849.01035,AEP = 0.001
19901.04714,AEP = 0.001
16727.20851,AEP = 0.001
19826.09082,AEP = 0.001
19863.98013,AEP = 0.001
21191.50389,AEP = 0.001
19503.76079,AEP = 0.001
22151.11549,AEP = 0.001
22462.94746,AEP = 0.001
21132.79217,AEP = 0.001
24910.0552,AEP = 0.001
22381.93251,AEP = 0.001
20492.52386,AEP = 0.001
23007.34148,AEP = 0.001
26354.37381,AEP = 0.001
25401.84367,AEP = 0.001
28636.16672,AEP = 0.001
27577.30483,AEP = 0.001
30873.34611,AEP = 0.001
30366.41986,AEP = 0.001
23780.99889,AEP = 0.001
29821.47456,AEP = 0.001
19052.66948,AEP = 0.001
20974.44761,AEP = 0.001
27770.35067,AEP = 0.001
24918.96888,AEP = 0.001
23921.53658,AEP = 0.001
23349.72118,AEP = 0.001
19631.21763,AEP = 0.001
27738.25836,AEP = 0.001
25680.20228,AEP = 0.001
21272.58262,AEP = 0.001
19704.62049,AEP = 0.001
21159.28826,AEP = 0.001
28431.84421,AEP = 0.001
28049.59374,AEP = 0.001
21502.42102,AEP = 0.001
25218.14182,AEP = 0.001
24557.84514,AEP = 0.001
28784.44876,AEP = 0.001
26287.20989,AEP = 0.001
21789.3334,AEP = 0.001
18065.93825,AEP = 0.001
17592.74563,AEP = 0.001
23326.70479,AEP = 0.001
22076.14607,AEP = 0.001
19840.12113,AEP = 0.001
23557.26575,AEP = 0.001
19708.14993,AEP = 0.001
15393.14408,AEP = 0.001
27301.00581,AEP = 0.001
22082.50843,AEP = 0.001
22710.22722,AEP = 0.001
21353.39741,AEP = 0.001
24869.01716,AEP = 0.001
20227.39153,AEP = 0.001
24106.20864,AEP = 0.001
19385.43437,AEP = 0.001
14663.38399,AEP = 0.001
20092.64308,AEP = 0.001
21334.75678,AEP = 0.001
19899.98548,AEP = 0.001
26552.17897,AEP = 0.001
23157.10643,AEP = 0.001
19863.8155,AEP = 0.001
29842.60044,AEP = 0.001
21962.63456,AEP = 0.001
20740.57266,AEP = 0.001
20247.98887,AEP = 0.001
24800.38203,AEP = 0.001
20215.39672,AEP = 0.001
20944.96394,AEP = 0.001
22917.42149,AEP = 0.001
23039.48611,AEP = 0.001
19815.03132,AEP = 0.001
22406.87842,AEP = 0.001
19580.87287,AEP = 0.001
19152.35547,AEP = 0.001
15392.94477,AEP = 0.001
18330.959,AEP = 0.001
17308.30622,AEP = 0.001
13874.56485,AEP = 0.001
21438.77787,AEP = 0.001
16350.58625,AEP = 0.001
19353.82268,AEP = 0.001
22767.60268,AEP = 0.001
28870.18184,AEP = 0.001
26806.26096,AEP = 0.001
15870.50828,AEP = 0.001
19121.74136,AEP = 0.001
18089.2707,AEP = 0.001
25146.58127,AEP = 0.001
19055.13888,AEP = 0.001
20042.76747,AEP = 0.001
14580.60891,AEP = 0.001
20564.20674,AEP = 0.001
28110.60141,AEP = 0.001
21518.33568,AEP = 0.001
24551.0079,AEP = 0.001
21646.28743,AEP = 0.001
17391.56126,AEP = 0.001
22631.17803,AEP = 0.001
17731.43246,AEP = 0.001
23463.46462,AEP = 0.001
26804.33642,AEP = 0.001
18922.2169,AEP = 0.001
22492.51601,AEP = 0.001
25050.80099,AEP = 0.001
17432.81925,AEP = 0.001
16541.23273,AEP = 0.001
19692.7339,AEP = 0.001
20495.839,AEP = 0.001
24043.86416,AEP = 0.001
23175.04088,AEP = 0.001
22478.09286,AEP = 0.001
27431.36879,AEP = 0.001
19582.33745,AEP = 0.001
18678.69118,AEP = 0.001
25239.0959,AEP = 0.001
17054.02612,AEP = 0.001
24377.88629,AEP = 0.001
17552.3187,AEP = 0.001
16956.13129,AEP = 0.001
23747.49743,AEP = 0.001
18562.85276,AEP = 0.001
17689.89657,AEP = 0.001
24842.94187,AEP = 0.001
19340.49073,AEP = 0.001
17605.25315,AEP = 0.001
28342.61813,AEP = 0.001
22089.21442,AEP = 0.001
27523.3191,AEP = 0.001
21713.34305,AEP = 0.001
22528.77862,AEP = 0.001
25962.91878,AEP = 0.001
20796.60047,AEP = 0.001
22166.59661,AEP = 0.001
22286.74362,AEP = 0.001
25118.75862,AEP = 0.001
23707.99577,AEP = 0.001
24813.92615,AEP = 0.001
23386.27398,AEP = 0.001
24585.18388,AEP = 0.001
25647.56005,AEP = 0.001
25018.21525,AEP = 0.001
26126.38719,AEP = 0.001
22259.73605,AEP = 0.001
23203.69697,AEP = 0.001
25079.51408,AEP = 0.001
21443.97008,AEP = 0.001
21062.70317,AEP = 0.001
17225.64245,AEP = 0.001
23507.77562,AEP = 0.001
21381.63092,AEP = 0.001
23206.74955,AEP = 0.001
18050.58164,AEP = 0.001
20849.97001,AEP = 0.001
16310.9777,AEP = 0.001
15584.65484,AEP = 0.001
23924.07997,AEP = 0.001
15906.31406,AEP = 0.001
21654.62928,AEP = 0.001
22085.61277,AEP = 0.001
23954.70074,AEP = 0.001
15720.51578,AEP = 0.001
20558.16593,AEP = 0.001
29838.24583,AEP = 0.001
29057.85983,AEP = 0.001
16967.26074,AEP = 0.001
19455.89777,AEP = 0.001
22434.80475,AEP = 0.001
20481.21772,AEP = 0.001
19485.95186,AEP = 0.001
23315.14374,AEP = 0.001
18650.24173,AEP = 0.001
19344.35986,AEP = 0.001
18318.04457,AEP = 0.001
20594.71649,AEP = 0.001
17345.15747,AEP = 0.001
22003.16681,AEP = 0.001
21115.72938,AEP = 0.001
20714.60855,AEP = 0.001
16913.28519,AEP = 0.001
22931.30275,AEP = 0.001
22945.80969,AEP = 0.001
18159.8216,AEP = 0.001
17301.14929,AEP = 0.001
16940.70876,AEP = 0.001
23674.43052,AEP = 0.001
22648.24454,AEP = 0.001
22252.54819,AEP = 0.001
21742.92812,AEP = 0.001
24710.86034,AEP = 0.001
24729.24666,AEP = 0.001
24512.15608,AEP = 0.001
25020.01545,AEP = 0.001
17431.52006,AEP = 0.001
17490.98508,AEP = 0.001
18229.5476,AEP = 0.001
18428.95611,AEP = 0.001
17761.00234,AEP = 0.001
21984.18175,AEP = 0.001
23422.07717,AEP = 0.001
23428.50833,AEP = 0.001
25060.82774,AEP = 0.001
27222.06516,AEP = 0.001
22396.7355,AEP = 0.001
25457.40616,AEP = 0.001
14899.11548,AEP = 0.001
21284.5348,AEP = 0.001
20842.41625,AEP = 0.001
20106.13475,AEP = 0.001
16223.28866,AEP = 0.001
18114.29452,AEP = 0.001
23100.94333,AEP = 0.001
18842.18939,AEP = 0.001
19612.15162,AEP = 0.001
15440.81668,AEP = 0.001
20739.57411,AEP = 0.001
19489.43206,AEP = 0.001
22092.78536,AEP = 0.001
24347.7256,AEP = 0.001
23201.48478,AEP = 0.001
25135.26922,AEP = 0.001
26120.63788,AEP = 0.001
26787.09185,AEP = 0.001
19295.57803,AEP = 0.001
20264.35546,AEP = 0.001
19398.21705,AEP = 0.001
24929.43782,AEP = 0.001
17852.97585,AEP = 0.001
26097.48951,AEP = 0.001
17699.85039,AEP = 0.001
20463.76383,AEP = 0.001
19181.25255,AEP = 0.001
19473.69164,AEP = 0.001
22196.69089,AEP = 0.001
27890.55012,AEP = 0.001
25852.1671,AEP = 0.001
20912.89843,AEP = 0.001
24646.59941,AEP = 0.001
25799.93581,AEP = 0.001
26962.77925,AEP = 0.001
25726.39695,AEP = 0.001
23770.70516,AEP = 0.001
21842.60709,AEP = 0.001
19806.71353,AEP = 0.001
19554.35515,AEP = 0.001
20067.83336,AEP = 0.001
22011.78957,AEP = 0.001
24095.28917,AEP = 0.001
22719.49534,AEP = 0.001
17957.27399,AEP = 0.001
18794.15048,AEP = 0.001
19057.60178,AEP = 0.001
17755.37126,AEP = 0.001
26011.00608,AEP = 0.001
18786.28126,AEP = 0.001
19250.10986,AEP = 0.001
25028.80765,AEP = 0.001
17430.57115,AEP = 0.001
23604.63212,AEP = 0.001
16529.79227,AEP = 0.001
17853.81544,AEP = 0.001
21018.08417,AEP = 0.001
16061.47364,AEP = 0.001
18028.5079,AEP = 0.001
24914.91494,AEP = 0.001
24168.35328,AEP = 0.001
26767.28224,AEP = 0.001
20208.14065,AEP = 0.001
19013.90058,AEP = 0.001
14164.5256,AEP = 0.001
29197.1848,AEP = 0.001
23611.54689,AEP = 0.001
26230.74249,AEP = 0.001
20640.18356,AEP = 0.001
20890.79904,AEP = 0.001
23261.17962,AEP = 0.001
31022.12706,AEP = 0.001
19868.18169,AEP = 0.001
19959.34457,AEP = 0.001
19999.17455,AEP = 0.001
15621.4937,AEP = 0.001
18432.52176,AEP = 0.001
17300.80185,AEP = 0.001
17217.68908,AEP = 0.001
22112.65576,AEP = 0.001
23576.81613,AEP = 0.001
20110.18954,AEP = 0.001
17892.13659,AEP = 0.001
28990.03635,AEP = 0.001
20776.94813,AEP = 0.001
28428.73283,AEP = 0.001
26887.49618,AEP = 0.001
20813.91709,AEP = 0.001
30676.27989,AEP = 0.001
22495.83157,AEP = 0.001
24831.14085,AEP = 0.001
18536.39297,AEP = 0.001
19427.15895,AEP = 0.001
20003.35477,AEP = 0.001
23670.55958,AEP = 0.001
16585.34073,AEP = 0.001
28274.94171,AEP = 0.001
19526.3926,AEP = 0.001
22207.75196,AEP = 0.001
24848.74023,AEP = 0.001
26322.50899,AEP = 0.001
18028.03282,AEP = 0.001
24238.68503,AEP = 0.001
27522.60441,AEP = 0.001
18095.44469,AEP = 0.001
22518.24998,AEP = 0.001
26662.24611,AEP = 0.001
22033.14293,AEP = 0.001
24637.83043,AEP = 0.001
20252.56987,AEP = 0.001
21600.2644,AEP = 0.001
19955.22841,AEP = 0.001
22065.18375,AEP = 0.001
23884.04034,AEP = 0.001
17938.91953,AEP = 0.001
21504.95571,AEP = 0.001
23879.01553,AEP = 0.001
16809.94822,AEP = 0.001
20484.24803,AEP = 0.001
24350.81861,AEP = 0.001
17886.13095,AEP = 0.001
25791.28545,AEP = 0.001
22207.08642,AEP = 0.001
27437.24752,AEP = 0.001
21064.1912,AEP = 0.001
17791.09359,AEP = 0.001
21422.96595,AEP = 0.001
16456.93145,AEP = 0.001
31367.53573,AEP = 0.001
25004.27877,AEP = 0.001
24506.38527,AEP = 0.001
24126.31402,AEP = 0.001
20339.17532,AEP = 0.001
20173.26985,AEP = 0.001
20258.03215,AEP = 0.001
23743.0581,AEP = 0.001
25397.77897,AEP = 0.001
28134.35277,AEP = 0.001
22246.36992,AEP = 0.001
15527.79292,AEP = 0.001
19288.84073,AEP = 0.001
23325.10325,AEP = 0.001
26952.74533,AEP = 0.001
27747.19016,AEP = 0.001
23210.2856,AEP = 0.001
21913.8457,AEP = 0.001
20473.13219,AEP = 0.001
23873.82839,AEP = 0.001
19517.95301,AEP = 0.001
25775.24268,AEP = 0.001
28077.09077,AEP = 0.001
21327.75482,AEP = 0.001
21605.59267,AEP = 0.001
16670.54508,AEP = 0.001
28365.53189,AEP = 0.001
29545.27817,AEP = 0.001
25932.09887,AEP = 0.001
21866.95891,AEP = 0.001
24656.24376,AEP = 0.001
19227.56723,AEP = 0.001
23703.06576,AEP = 0.001
23478.48387,AEP = 0.001
22843.11877,AEP = 0.001
17454.58508,AEP = 0.001
14921.6058,AEP = 0.001
19663.70874,AEP = 0.001
20185.06256,AEP = 0.001
22847.52919,AEP = 0.001
16658.25279,AEP = 0.001
20139.56298,AEP = 0.001
28468.56106,AEP = 0.001
23371.86299,AEP = 0.001
15925.47925,AEP = 0.001
22788.30264,AEP = 0.001
15197.51914,AEP = 0.001
19300.3339,AEP = 0.001
27638.50734,AEP = 0.001
22678.80631,AEP = 0.001
15914.75639,AEP = 0.001
29863.09036,AEP = 0.001
24074.62626,AEP = 0.001
19500.09956,AEP = 0.001
22757.96435,AEP = 0.001
22061.59032,AEP = 0.001
21164.56114,AEP = 0.001
21818.37681,AEP = 0.001
25189.81996,AEP = 0.001
26809.89964,AEP = 0.001
16466.53064,AEP = 0.001
19952.18107,AEP = 0.001
23692.12904,AEP = 0.001
21427.86931,AEP = 0.001
17285.90647,AEP = 0.001
20553.80698,AEP = 0.001
23127.38399,AEP = 0.001
18898.88665,AEP = 0.001
18391.68306,AEP = 0.001
18955.88521,AEP = 0.001
30484.44966,AEP = 0.001
22501.64657,AEP = 0.001
18925.10578,AEP = 0.001
18676.01272,AEP = 0.001
24607.94071,AEP = 0.001
13606.49604,AEP = 0.001
27385.97572,AEP = 0.001
25444.80989,AEP = 0.001
17901.75405,AEP = 0.001
22401.63781,AEP = 0.001
24681.61935,AEP = 0.001
25350.32659,AEP = 0.001
24274.11537,AEP = 0.001
27699.77073,AEP = 0.001
20363.23883,AEP = 0.001
20920.65086,AEP = 0.001
29583.34056,AEP = 0.001
23879.50958,AEP = 0.001
27292.18509,AEP = 0.001
17081.53735,AEP = 0.001
24389.90948,AEP = 0.001
21333.39248,AEP = 0.001
28552.5798,AEP = 0.001
23910.67406,AEP = 0.001
25838.69,AEP = 0.001
20653.37761,AEP = 0.001
26017.41064,AEP = 0.001
21255.78082,AEP = 0.001
18227.37223,AEP = 0.001
17102.43916,AEP = 0.001
26543.15745,AEP = 0.001
15778.23369,AEP = 0.001
21243.05223,AEP = 0.001
16076.76387,AEP = 0.001
18502.83301,AEP = 0.001
23892.02587,AEP = 0.001
15262.28199,AEP = 0.001
19083.47802,AEP = 0.001
19096.63087,AEP = 0.001
20153.88363,AEP = 0.001
21586.4873,AEP = 0.001
16816.12669,AEP = 0.001
23860.00756,AEP = 0.001
24451.14,AEP = 0.001
26443.38132,AEP = 0.001
20208.89524,AEP = 0.001
22071.64814,AEP = 0.001
20066.63163,AEP = 0.001
23541.40959,AEP = 0.001
19645.25871,AEP = 0.001
18625.74958,AEP = 0.001
26023.64912,AEP = 0.001
26140.74101,AEP = 0.001
18237.13924,AEP = 0.001
21599.84227,AEP = 0.001
31088.32779,AEP = 0.001
15935.1044,AEP = 0.001
31442.97524,AEP = 0.001
18471.06706,AEP = 0.001
20074.40478,AEP = 0.001
24268.53211,AEP = 0.001
20433.32272,AEP = 0.001
19767.84696,AEP = 0.001
20051.51462,AEP = 0.001
23497.36775,AEP = 0.001
25247.99814,AEP = 0.001
24431.89475,AEP = 0.001
19678.29341,AEP = 0.001
22287.13146,AEP = 0.001
16982.68114,AEP = 0.001
22954.26608,AEP = 0.001
28330.47351,AEP = 0.001
22651.43347,AEP = 0.001
16401.75986,AEP = 0.001
21949.98245,AEP = 0.001
24416.47899,AEP = 0.001
20832.49513,AEP = 0.001
20288.54972,AEP = 0.001
23946.39053,AEP = 0.001
17865.98716,AEP = 0.001
28544.4959,AEP = 0.001
25357.80257,AEP = 0.001
23604.30447,AEP = 0.001
25455.9797,AEP = 0.001
27876.14934,AEP = 0.001
15931.40873,AEP = 0.001
25613.55305,AEP = 0.001
18605.6034,AEP = 0.001
24783.22262,AEP = 0.001
16072.47062,AEP = 0.001
21278.84111,AEP = 0.001
25221.22635,AEP = 0.001
21929.08245,AEP = 0.001
22514.31861,AEP = 0.001
22349.30249,AEP = 0.001
17349.34354,AEP = 0.001
23584.95145,AEP = 0.001
18214.17371,AEP = 0.001
22630.77303,AEP = 0.001
29017.0252,AEP = 0.001
22027.63602,AEP = 0.001
22402.91281,AEP = 0.001
15832.64714,AEP = 0.001
24128.93676,AEP = 0.001
23095.32223,AEP = 0.001
23743.93098,AEP = 0.001
21789.47861,AEP = 0.001
23361.62764,AEP = 0.001
17613.45561,AEP = 0.001
25712.00868,AEP = 0.001
23226.47868,AEP = 0.001
21002.19077,AEP = 0.001
25021.69052,AEP = 0.001
16395.87166,AEP = 0.001
16860.67223,AEP = 0.001
21990.2634,AEP = 0.001
27158.97934,AEP = 0.001
24811.90808,AEP = 0.001
23137.55767,AEP = 0.001
30664.98376,AEP = 0.001
26932.32093,AEP = 0.001
15523.40756,AEP = 0.001
20334.60239,AEP = 0.001
17350.19735,AEP = 0.001
27562.67238,AEP = 0.001
19392.65743,AEP = 0.001
14370.47406,AEP = 0.001
21071.84684,AEP = 0.001
22087.1487,AEP = 0.001
17346.23084,AEP = 0.001
19878.39386,AEP = 0.001
26871.04586,AEP = 0.001
20876.14563,AEP = 0.001
22337.67301,AEP = 0.001
18422.05583,AEP = 0.001
26398.72305,AEP = 0.001
25756.81055,AEP = 0.001
19273.48936,AEP = 0.001
16557.45836,AEP = 0.001
17697.29532,AEP = 0.001
21014.66434,AEP = 0.001
25918.13347,AEP = 0.001
24023.37474,AEP = 0.001
17140.0153,AEP = 0.001
14588.35517,AEP = 0.001
19423.43528,AEP = 0.001
26128.76493,AEP = 0.001
15920.01403,AEP = 0.001
20938.18361,AEP = 0.001
21386.13439,AEP = 0.001
20160.20333,AEP = 0.001
22551.45907,AEP = 0.001
22776.54464,AEP = 0.001
21134.6435,AEP = 0.001
23955.46319,AEP = 0.001
19432.88155,AEP = 0.001
18706.61084,AEP = 0.001
20214.20175,AEP = 0.001
19671.29943,AEP = 0.001
20709.44695,AEP = 0.001
22437.4547,AEP = 0.001
18944.03794,AEP = 0.001
25547.93813,AEP = 0.001
19985.15883,AEP = 0.001
20929.08777,AEP = 0.001
19405.02238,AEP = 0.001
22180.71801,AEP = 0.001
23880.18573,AEP = 0.001
26229.34092,AEP = 0.001
15912.85092,AEP = 0.001
21117.84748,AEP = 0.001
19482.40445,AEP = 0.001
24292.46005,AEP = 0.001
17146.33067,AEP = 0.001
29905.33489,AEP = 0.001
26641.8736,AEP = 0.001
25329.94264,AEP = 0.001
24166.84554,AEP = 0.001
25760.61811,AEP = 0.001
18624.56955,AEP = 0.001
20169.19806,AEP = 0.001
21543.08887,AEP = 0.001
29944.78727,AEP = 0.001
20666.29865,AEP = 0.001
21441.35884,AEP = 0.001
21278.60478,AEP = 0.001
22302.95821,AEP = 0.001
22205.99426,AEP = 0.001
24025.79238,AEP = 0.001
20090.93466,AEP = 0.001
26540.30748,AEP = 0.001
21441.75933,AEP = 0.001
23667.28439,AEP = 0.001
17637.9169,AEP = 0.001
17189.21876,AEP = 0.001
23515.32962,AEP = 0.001
19739.07402,AEP = 0.001
23730.13011,AEP = 0.001
20007.63115,AEP = 0.001
15494.9188,AEP = 0.001
26903.53154,AEP = 0.001
16600.32491,AEP = 0.001
22520.23869,AEP = 0.001
20827.41517,AEP = 0.001
21542.305,AEP = 0.001
28896.4135,AEP = 0.001
33193.76168,AEP = 0.001
25155.22792,AEP = 0.001
15652.66528,AEP = 0.001
17543.3989,AEP = 0.001
22114.43525,AEP = 0.001
23255.41387,AEP = 0.001
16239.73667,AEP = 0.001
18353.25361,AEP = 0.001
19551.0921,AEP = 0.001
24644.86723,AEP = 0.001
17416.46218,AEP = 0.001
14806.92124,AEP = 0.001
20469.48472,AEP = 0.001
20715.42507,AEP = 0.001
20992.96158,AEP = 0.001
22634.3396,AEP = 0.001
21281.17122,AEP = 0.001
26197.93119,AEP = 0.001
23130.01945,AEP = 0.001
17179.72352,AEP = 0.001
15692.89539,AEP = 0.001
36102.17024,AEP = 0.001
24126.60392,AEP = 0.001
17423.44215,AEP = 0.001
25857.91767,AEP = 0.001
25243.30086,AEP = 0.001
19617.87484,AEP = 0.001
24009.44562,AEP = 0.001
20459.04265,AEP = 0.001
22402.06117,AEP = 0.001
23704.59616,AEP = 0.001
22597.31838,AEP = 0.001
22814.91202,AEP = 0.001
17928.6664,AEP = 0.001
21775.46895,AEP = 0.001
21678.63231,AEP = 0.001
26974.11755,AEP = 0.001
25273.54494,AEP = 0.001
20324.11117,AEP = 0.001
21211.67583,AEP = 0.001
21065.14017,AEP = 0.001
17064.45834,AEP = 0.001
24789.78453,AEP = 0.001
16980.93981,AEP = 0.001
22242.80484,AEP = 0.001
20393.90888,AEP = 0.001
26780.38879,AEP = 0.001
20141.64982,AEP = 0.001
27115.79079,AEP = 0.001
23743.10271,AEP = 0.001
24864.01733,AEP = 0.001
20968.6746,AEP = 0.001
28481.74876,AEP = 0.001
14815.88422,AEP = 0.001
18796.52882,AEP = 0.001
14825.04451,AEP = 0.001
21194.01299,AEP = 0.001
14478.62243,AEP = 0.001
25446.5844,AEP = 0.001
25107.9006,AEP = 0.001
22589.83398,AEP = 0.001
19797.09935,AEP = 0.001
26580.77896,AEP = 0.001
22655.16146,AEP = 0.001
24589.79029,AEP = 0.001
30367.37568,AEP = 0.001
16633.02191,AEP = 0.001
15737.01336,AEP = 0.001
24133.09123,AEP = 0.001
25656.13621,AEP = 0.001
26404.52683,AEP = 0.001
18437.97046,AEP = 0.001
20097.22948,AEP = 0.001
24905.70165,AEP = 0.001
20909.72635,AEP = 0.001
21259.25418,AEP = 0.001
18925.07569,AEP = 0.001
23872.69271,AEP = 0.001
23383.18374,AEP = 0.001
23715.10825,AEP = 0.001
18605.63517,AEP = 0.001
22346.97098,AEP = 0.001
21327.17788,AEP = 0.001
15972.43001,AEP = 0.001
22082.20981,AEP = 0.001
14500.96064,AEP = 0.001
16155.53421,AEP = 0.001
21937.11242,AEP = 0.001
24969.1094,AEP = 0.001
21034.54522,AEP = 0.001
29375.83661,AEP = 0.001
20782.38622,AEP = 0.001
25688.67457,AEP = 0.001
24462.5071,AEP = 0.001
21431.79151,AEP = 0.001
21502.98814,AEP = 0.001
23631.06757,AEP = 0.001
18255.25516,AEP = 0.001
26820.28377,AEP = 0.001
18665.79752,AEP = 0.001
25037.19962,AEP = 0.001
21999.47201,AEP = 0.001
24457.51992,AEP = 0.001
23796.52766,AEP = 0.001
24216.18524,AEP = 0.001
27642.34999,AEP = 0.001
25581.79549,AEP = 0.001
28026.04322,AEP = 0.001
14627.18873,AEP = 0.001
24830.6958,AEP = 0.001
29506.24321,AEP = 0.001
18981.79332,AEP = 0.001
20364.43233,AEP = 0.001
25914.33962,AEP = 0.001
16920.26404,AEP = 0.001
20116.88419,AEP = 0.001
17656.81185,AEP = 0.001
20512.74326,AEP = 0.001
20815.94842,AEP = 0.001
20266.15085,AEP = 0.001
23938.3179,AEP = 0.001
21639.80815,AEP = 0.001
17905.31333,AEP = 0.001
20260.57863,AEP = 0.001
18907.09816,AEP = 0.001
19992.11398,AEP = 0.001
20834.0959,AEP = 0.001
16537.90505,AEP = 0.001
17459.94314,AEP = 0.001
17346.18135,AEP = 0.001
27564.4815,AEP = 0.001
26760.9864,AEP = 0.001
18316.03307,AEP = 0.001
16518.40539,AEP = 0.001
20278.54854,AEP = 0.001
18099.15858,AEP = 0.001
15375.79414,AEP = 0.001
16141.20052,AEP = 0.001
16945.76389,AEP = 0.001
32369.36324,AEP = 0.001
17702.07272,AEP = 0.001
22962.00577,AEP = 0.001
27328.99612,AEP = 0.001
28236.69114,AEP = 0.001
24511.02756,AEP = 0.001
16431.13183,AEP = 0.001
23011.89492,AEP = 0.001
18652.6904,AEP = 0.001
23614.67782,AEP = 0.001
18481.65581,AEP = 0.001
23381.2325,AEP = 0.001
23578.99843,AEP = 0.001
22919.52138,AEP = 0.001
28111.56509,AEP = 0.001
22301.22383,AEP = 0.001
18100.25867,AEP = 0.001
24794.55545,AEP = 0.001
24781.00069,AEP = 0.001
26780.98339,AEP = 0.001
26117.95462,AEP = 0.001
24731.78745,AEP = 0.001
21633.36456,AEP = 0.001
21635.98234,AEP = 0.001
18665.01291,AEP = 0.001
21507.32138,AEP = 0.001
21724.91315,AEP = 0.001
25405.59897,AEP = 0.001
21813.55792,AEP = 0.001
22085.06449,AEP = 0.001
16915.11852,AEP = 0.001
32974.19475,AEP = 0.001
20099.16397,AEP = 0.001
18562.35824,AEP = 0.001
25133.76778,AEP = 0.001
28236.77171,AEP = 0.001
16201.12354,AEP = 0.001
15264.04046,AEP = 0.001
18929.22825,AEP = 0.001
20610.46334,AEP = 0.001
16124.09367,AEP = 0.001
22715.88153,AEP = 0.001
19418.66638,AEP = 0.001
16001.95052,AEP = 0.001
23222.92981,AEP = 0.001
22009.49694,AEP = 0.001
22640.16443,AEP = 0.001
22568.98068,AEP = 0.001
21379.82121,AEP = 0.001
25854.35436,AEP = 0.001
23136.32217,AEP = 0.001
21368.98819,AEP = 0.001
20974.97558,AEP = 0.001
20784.45937,AEP = 0.001
21412.49276,AEP = 0.001
25482.75581,AEP = 0.001
28367.26282,AEP = 0.001
19989.49542,AEP = 0.001
20331.50811,AEP = 0.001
18246.40042,AEP = 0.001
28704.87955,AEP = 0.001
20572.12547,AEP = 0.001
22707.11055,AEP = 0.001
25906.86078,AEP = 0.001
23135.00163,AEP = 0.001
14398.20996,AEP = 0.001
20780.22004,AEP = 0.001
20179.8216,AEP = 0.001
22966.4901,AEP = 0.001
23744.04616,AEP = 0.001
22185.6427,AEP = 0.001
24736.99021,AEP = 0.001
18975.94609,AEP = 0.001
23479.22079,AEP = 0.001
26841.45209,AEP = 0.001
31611.33926,AEP = 0.001
18011.54638,AEP = 0.001
25269.69901,AEP = 0.001
22447.26521,AEP = 0.001
25018.03604,AEP = 0.001
16467.41984,AEP = 0.001
18223.13444,AEP = 0.001
25026.82039,AEP = 0.001
22048.73806,AEP = 0.001
20814.02247,AEP = 0.001
22297.34403,AEP = 0.001
19806.7164,AEP = 0.001
28508.9305,AEP = 0.001
23542.30633,AEP = 0.001
18494.91043,AEP = 0.001
22062.07594,AEP = 0.001
15738.84273,AEP = 0.001
16824.34659,AEP = 0.001
19597.50987,AEP = 0.001
24335.13629,AEP = 0.001
18097.84823,AEP = 0.001
14925.74088,AEP = 0.001
26966.29875,AEP = 0.001
17131.65307,AEP = 0.001
23068.20164,AEP = 0.001
27754.29554,AEP = 0.001
23304.677,AEP = 0.001
30887.88223,AEP = 0.001
20392.33945,AEP = 0.001
16468.64834,AEP = 0.001
20723.85396,AEP = 0.001
21059.96852,AEP = 0.001
32470.92386,AEP = 0.001
20420.08083,AEP = 0.001
21528.19882,AEP = 0.001
20236.03675,AEP = 0.001
21255.08664,AEP = 0.001
27904.31203,AEP = 0.001
22706.10803,AEP = 0.001
27217.97972,AEP = 0.001
21626.32838,AEP = 0.001
18917.1724,AEP = 0.001
22459.21229,AEP = 0.001
25244.0664,AEP = 0.001
25644.82312,AEP = 0.001
21604.08416,AEP = 0.001
20301.78956,AEP = 0.001
24024.81017,AEP = 0.001
22604.88288,AEP = 0.001
17537.59031,AEP = 0.001
25687.1891,AEP = 0.001
22545.80738,AEP = 0.001
22120.10297,AEP = 0.001
21412.92015,AEP = 0.001
25449.45703,AEP = 0.001
25305.77927,AEP = 0.001
31478.18172,AEP = 0.001
30278.11814,AEP = 0.001
26916.84373,AEP = 0.001
25787.58633,AEP = 0.001
23430.06216,AEP = 0.001
27990.8211,AEP = 0.001
17594.36304,AEP = 0.001
22992.62156,AEP = 0.001
23339.24874,AEP = 0.001
21160.76555,AEP = 0.001
24132.29962,AEP = 0.001
17288.61159,AEP = 0.001
19607.20463,AEP = 0.001
18796.82183,AEP = 0.001
22666.97295,AEP = 0.001
23629.1878,AEP = 0.0001
40028.09468,AEP = 0.0001
30456.37227,AEP = 0.0001
22748.53164,AEP = 0.0001
35966.67613,AEP = 0.0001
30761.83825,AEP = 0.0001
27317.60869,AEP = 0.0001
29942.85481,AEP = 0.0001
43125.49651,AEP = 0.0001
28733.52904,AEP = 0.0001
26974.01489,AEP = 0.0001
28817.07249,AEP = 0.0001
25857.63878,AEP = 0.0001
26714.29746,AEP = 0.0001
37649.51304,AEP = 0.0001
26028.81859,AEP = 0.0001
24943.0686,AEP = 0.0001
32481.50795,AEP = 0.0001
36974.87771,AEP = 0.0001
33023.21988,AEP = 0.0001
28150.48217,AEP = 0.0001
24515.39156,AEP = 0.0001
29700.9084,AEP = 0.0001
46125.57843,AEP = 0.0001
36316.75437,AEP = 0.0001
30199.93869,AEP = 0.0001
25407.36631,AEP = 0.0001
29486.96921,AEP = 0.0001
33761.65864,AEP = 0.0001
33030.96231,AEP = 0.0001
49922.92589,AEP = 0.0001
24762.69537,AEP = 0.0001
21854.76315,AEP = 0.0001
27435.33298,AEP = 0.0001
27994.21255,AEP = 0.0001
40280.35977,AEP = 0.0001
45719.90724,AEP = 0.0001
19733.19268,AEP = 0.0001
24084.56953,AEP = 0.0001
26412.35685,AEP = 0.0001
28730.65609,AEP = 0.0001
32656.9234,AEP = 0.0001
23978.48252,AEP = 0.0001
28295.58203,AEP = 0.0001
31845.25126,AEP = 0.0001
26687.7595,AEP = 0.0001
30699.11321,AEP = 0.0001
19474.99729,AEP = 0.0001
24028.74011,AEP = 0.0001
37452.77351,AEP = 0.0001
18371.75293,AEP = 0.0001
38619.75752,AEP = 0.0001
27748.83773,AEP = 0.0001
32923.19197,AEP = 0.0001
29610.38227,AEP = 0.0001
27192.17792,AEP = 0.0001
23502.49223,AEP = 0.0001
27652.43393,AEP = 0.0001
34257.98449,AEP = 0.0001
27541.95804,AEP = 0.0001
27537.96717,AEP = 0.0001
33283.6179,AEP = 0.0001
25481.36648,AEP = 0.0001
44913.79252,AEP = 0.0001
28802.51711,AEP = 0.0001
29179.79297,AEP = 0.0001
28882.8177,AEP = 0.0001
42046.36734,AEP = 0.0001
30628.16948,AEP = 0.0001
30337.958,AEP = 0.0001
26693.14987,AEP = 0.0001
26293.09511,AEP = 0.0001
42852.00412,AEP = 0.0001
36148.11437,AEP = 0.0001
25251.13696,AEP = 0.0001
46131.96897,AEP = 0.0001
28941.64339,AEP = 0.0001
38653.11254,AEP = 0.0001
32781.57886,AEP = 0.0001
27362.23574,AEP = 0.0001
29836.50558,AEP = 0.0001
18138.19947,AEP = 0.0001
26441.46678,AEP = 0.0001
23232.80767,AEP = 0.0001
44419.98894,AEP = 0.0001
28500.62135,AEP = 0.0001
30135.58908,AEP = 0.0001
27942.05199,AEP = 0.0001
33912.89838,AEP = 0.0001
43001.81129,AEP = 0.0001
28251.05689,AEP = 0.0001
27477.79849,AEP = 0.0001
39164.84754,AEP = 0.0001
39853.07228,AEP = 0.0001
19120.80382,AEP = 0.0001
23559.60363,AEP = 0.0001
26498.9166,AEP = 0.0001
26115.08625,AEP = 0.0001
22706.8187,AEP = 0.0001
43231.00164,AEP = 0.0001
24055.67323,AEP = 0.0001
32680.59404,AEP = 0.0001
25911.96485,AEP = 0.0001
38993.86819,AEP = 0.0001
29649.57025,AEP = 0.0001
30074.14036,AEP = 0.0001
23911.08226,AEP = 0.0001
26945.74476,AEP = 0.0001
25310.0558,AEP = 0.0001
40009.68915,AEP = 0.0001
37111.05955,AEP = 0.0001
45804.39058,AEP = 0.0001
27607.98438,AEP = 0.0001
42109.72891,AEP = 0.0001
26879.04818,AEP = 0.0001
30895.30894,AEP = 0.0001
28095.28459,AEP = 0.0001
26319.58096,AEP = 0.0001
24887.21348,AEP = 0.0001
23081.11809,AEP = 0.0001
29710.69012,AEP = 0.0001
32311.05509,AEP = 0.0001
25045.01599,AEP = 0.0001
31106.12581,AEP = 0.0001
28204.74032,AEP = 0.0001
24967.4735,AEP = 0.0001
24607.07208,AEP = 0.0001
26902.46011,AEP = 0.0001
33223.83068,AEP = 0.0001
34879.61729,AEP = 0.0001
25971.62217,AEP = 0.0001
25456.47418,AEP = 0.0001
27632.40392,AEP = 0.0001
28120.86288,AEP = 0.0001
21636.32193,AEP = 0.0001
25867.65021,AEP = 0.0001
23384.21961,AEP = 0.0001
22899.45822,AEP = 0.0001
33243.17527,AEP = 0.0001
21597.61993,AEP = 0.0001
29846.03287,AEP = 0.0001
22671.98766,AEP = 0.0001
32527.88589,AEP = 0.0001
30408.26094,AEP = 0.0001
23349.89263,AEP = 0.0001
28010.78494,AEP = 0.0001
28743.17544,AEP = 0.0001
26760.50555,AEP = 0.0001
27814.36154,AEP = 0.0001
29738.77785,AEP = 0.0001
21930.63583,AEP = 0.0001
21235.58304,AEP = 0.0001
30888.78524,AEP = 0.0001
30297.2412,AEP = 0.0001
29163.09475,AEP = 0.0001
18184.97432,AEP = 0.0001
25535.08357,AEP = 0.0001
27579.99921,AEP = 0.0001
32391.1518,AEP = 0.0001
34365.67493,AEP = 0.0001
26266.11469,AEP = 0.0001
32093.96975,AEP = 0.0001
43087.72511,AEP = 0.0001
32910.66108,AEP = 0.0001
24219.5706,AEP = 0.0001
26475.17549,AEP = 0.0001
21365.04317,AEP = 0.0001
30510.34965,AEP = 0.0001
37293.00425,AEP = 0.0001
28032.16685,AEP = 0.0001
29835.2513,AEP = 0.0001
34744.01847,AEP = 0.0001
24136.8524,AEP = 0.0001
30545.45496,AEP = 0.0001
28852.1971,AEP = 0.0001
31074.13201,AEP = 0.0001
40849.00165,AEP = 0.0001
29351.91006,AEP = 0.0001
22828.90896,AEP = 0.0001
26914.29023,AEP = 0.0001
34764.1711,AEP = 0.0001
28493.97955,AEP = 0.0001
41342.9749,AEP = 0.0001
44481.4938,AEP = 0.0001
18242.15729,AEP = 0.0001
21776.399,AEP = 0.0001
21139.87918,AEP = 0.0001
36939.95655,AEP = 0.0001
27455.91277,AEP = 0.0001
37469.2534,AEP = 0.0001
36239.83148,AEP = 0.0001
36199.60841,AEP = 0.0001
25666.15424,AEP = 0.0001
28311.5818,AEP = 0.0001
30831.96638,AEP = 0.0001
37753.10338,AEP = 0.0001
21835.049,AEP = 0.0001
28409.64114,AEP = 0.0001
32252.85684,AEP = 0.0001
32565.1606,AEP = 0.0001
33036.07805,AEP = 0.0001
16571.06839,AEP = 0.0001
24403.18496,AEP = 0.0001
20732.16301,AEP = 0.0001
31781.80079,AEP = 0.0001
31256.13935,AEP = 0.0001
36562.41896,AEP = 0.0001
33875.56395,AEP = 0.0001
23234.28074,AEP = 0.0001
30575.80839,AEP = 0.0001
25481.01064,AEP = 0.0001
29345.26603,AEP = 0.0001
29895.18567,AEP = 0.0001
29159.72373,AEP = 0.0001
27886.45417,AEP = 0.0001
20789.36013,AEP = 0.0001
35548.02068,AEP = 0.0001
27202.49752,AEP = 0.0001
19237.09987,AEP = 0.0001
25749.1731,AEP = 0.0001
29065.46997,AEP = 0.0001
23814.23957,AEP = 0.0001
27442.52455,AEP = 0.0001
28981.74564,AEP = 0.0001
19771.20248,AEP = 0.0001
32677.42303,AEP = 0.0001
29639.40121,AEP = 0.0001
36081.84045,AEP = 0.0001
29292.30249,AEP = 0.0001
27143.42975,AEP = 0.0001
26304.14172,AEP = 0.0001
28624.77428,AEP = 0.0001
19964.88707,AEP = 0.0001
38724.4397,AEP = 0.0001
28107.49669,AEP = 0.0001
20287.33249,AEP = 0.0001
26229.61003,AEP = 0.0001
36522.878,AEP = 0.0001
25385.20852,AEP = 0.0001
21955.26631,AEP = 0.0001
26461.86101,AEP = 0.0001
21332.0303,AEP = 0.0001
26272.82227,AEP = 0.0001
26217.41202,AEP = 0.0001
30895.50509,AEP = 0.0001
25338.21033,AEP = 0.0001
32779.01073,AEP = 0.0001
31965.99834,AEP = 0.0001
32617.13629,AEP = 0.0001
21841.67547,AEP = 0.0001
46969.10149,AEP = 0.0001
41919.27732,AEP = 0.0001
28381.85172,AEP = 0.0001
37358.35378,AEP = 0.0001
26101.31035,AEP = 0.0001
27373.35563,AEP = 0.0001
27634.89186,AEP = 0.0001
25937.72447,AEP = 0.0001
32695.45156,AEP = 0.0001
27880.04842,AEP = 0.0001
29208.06187,AEP = 0.0001
16980.1747,AEP = 0.0001
22058.69043,AEP = 0.0001
40868.20631,AEP = 0.0001
38878.65863,AEP = 0.0001
21742.05587,AEP = 0.0001
27055.31073,AEP = 0.0001
24854.02913,AEP = 0.0001
20927.9016,AEP = 0.0001
19997.88918,AEP = 0.0001
34861.21788,AEP = 0.0001
31696.23119,AEP = 0.0001
35205.12829,AEP = 0.0001
25709.24431,AEP = 0.0001
32549.59429,AEP = 0.0001
29710.46809,AEP = 0.0001
27008.80434,AEP = 0.0001
40133.08757,AEP = 0.0001
35459.53005,AEP = 0.0001
27615.48726,AEP = 0.0001
40232.98271,AEP = 0.0001
32192.97495,AEP = 0.0001
25572.41722,AEP = 0.0001
36324.65454,AEP = 0.0001
22798.49828,AEP = 0.0001
36690.5636,AEP = 0.0001
35655.15758,AEP = 0.0001
29349.73201,AEP = 0.0001
29901.17157,AEP = 0.0001
30177.28469,AEP = 0.0001
32256.72793,AEP = 0.0001
27803.92703,AEP = 0.0001
33316.24371,AEP = 0.0001
19541.87654,AEP = 0.0001
21923.85932,AEP = 0.0001
26491.89318,AEP = 0.0001
32515.93801,AEP = 0.0001
39772.35209,AEP = 0.0001
27411.62927,AEP = 0.0001
20478.77822,AEP = 0.0001
32123.1128,AEP = 0.0001
33827.44825,AEP = 0.0001
27478.70528,AEP = 0.0001
30360.45513,AEP = 0.0001
37924.51992,AEP = 0.0001
29446.40106,AEP = 0.0001
33789.19158,AEP = 0.0001
32259.31002,AEP = 0.0001
25776.88816,AEP = 0.0001
20206.98189,AEP = 0.0001
38829.35121,AEP = 0.0001
24091.95325,AEP = 0.0001
25125.9836,AEP = 0.0001
22826.60094,AEP = 0.0001
22922.32753,AEP = 0.0001
22894.29912,AEP = 0.0001
32202.18428,AEP = 0.0001
20373.48039,AEP = 0.0001
18323.76636,AEP = 0.0001
23680.16457,AEP = 0.0001
31946.16235,AEP = 0.0001
22994.68958,AEP = 0.0001
32353.00944,AEP = 0.0001
28500.12665,AEP = 0.0001
38913.8904,AEP = 0.0001
27384.93198,AEP = 0.0001
30833.66412,AEP = 0.0001
29989.61642,AEP = 0.0001
26771.84157,AEP = 0.0001
29659.7833,AEP = 0.0001
41019.75331,AEP = 0.0001
23005.83746,AEP = 0.0001
21205.95598,AEP = 0.0001
32143.32877,AEP = 0.0001
33486.046,AEP = 0.0001
28243.63976,AEP = 0.0001
37948.88675,AEP = 0.0001
28654.92137,AEP = 0.0001
26806.11787,AEP = 0.0001
39257.79174,AEP = 0.0001
28271.31509,AEP = 0.0001
30544.15412,AEP = 0.0001
29144.31255,AEP = 0.0001
31812.5824,AEP = 0.0001
22275.0087,AEP = 0.0001
30809.92106,AEP = 0.0001
25862.91178,AEP = 0.0001
36231.47296,AEP = 0.0001
24199.84557,AEP = 0.0001
32796.96234,AEP = 0.0001
30556.44952,AEP = 0.0001
23863.54539,AEP = 0.0001
32555.8221,AEP = 0.0001
33483.17651,AEP = 0.0001
33897.52793,AEP = 0.0001
36513.82257,AEP = 0.0001
25608.44476,AEP = 0.0001
31179.74172,AEP = 0.0001
31207.52832,AEP = 0.0001
24826.7174,AEP = 0.0001
43898.06166,AEP = 0.0001
32800.99988,AEP = 0.0001
28182.75714,AEP = 0.0001
23720.96312,AEP = 0.0001
33474.31634,AEP = 0.0001
24718.77556,AEP = 0.0001
22492.00197,AEP = 0.0001
23225.39358,AEP = 0.0001
36383.22338,AEP = 0.0001
42469.85414,AEP = 0.0001
16296.3466,AEP = 0.0001
21996.42893,AEP = 0.0001
22856.07277,AEP = 0.0001
28932.24345,AEP = 0.0001
33437.18518,AEP = 0.0001
31326.75516,AEP = 0.0001
29315.7284,AEP = 0.0001
37338.66705,AEP = 0.0001
33439.58117,AEP = 0.0001
23273.091,AEP = 0.0001
27678.8789,AEP = 0.0001
21114.58378,AEP = 0.0001
37591.69581,AEP = 0.0001
28024.48618,AEP = 0.0001
24962.80885,AEP = 0.0001
18055.41425,AEP = 0.0001
24105.16041,AEP = 0.0001
33750.99152,AEP = 0.0001
36628.30346,AEP = 0.0001
27147.63215,AEP = 0.0001
36816.85224,AEP = 0.0001
19803.48158,AEP = 0.0001
41315.00391,AEP = 0.0001
38086.41106,AEP = 0.0001
26488.30666,AEP = 0.0001
27498.58288,AEP = 0.0001
28961.73437,AEP = 0.0001
29277.57893,AEP = 0.0001
32645.7518,AEP = 0.0001
27478.18447,AEP = 0.0001
28338.91393,AEP = 0.0001
27899.98191,AEP = 0.0001
27722.26646,AEP = 0.0001
39012.31142,AEP = 0.0001
29564.88592,AEP = 0.0001
27394.36754,AEP = 0.0001
41811.87348,AEP = 0.0001
33823.44557,AEP = 0.0001
20937.21743,AEP = 0.0001
37907.12383,AEP = 0.0001
28708.45029,AEP = 0.0001
34938.72526,AEP = 0.0001
21770.16461,AEP = 0.0001
27385.8641,AEP = 0.0001
29320.55704,AEP = 0.0001
26800.78509,AEP = 0.0001
27093.32449,AEP = 0.0001
51257.1692,AEP = 0.0001
34627.99415,AEP = 0.0001
33937.93645,AEP = 0.0001
24273.6712,AEP = 0.0001
29975.61381,AEP = 0.0001
19663.72738,AEP = 0.0001
28949.89492,AEP = 0.0001
25599.57144,AEP = 0.0001
25122.06499,AEP = 0.0001
30458.62674,AEP = 0.0001
32195.24512,AEP = 0.0001
27636.08905,AEP = 0.0001
35369.24961,AEP = 0.0001
24418.25893,AEP = 0.0001
30624.79749,AEP = 0.0001
35364.18353,AEP = 0.0001
28812.22198,AEP = 0.0001
29254.44946,AEP = 0.0001
33212.74739,AEP = 0.0001
28914.18499,AEP = 0.0001
45685.42786,AEP = 0.0001
19826.85494,AEP = 0.0001
28636.74077,AEP = 0.0001
36093.59198,AEP = 0.0001
39837.85913,AEP = 0.0001
22342.06425,AEP = 0.0001
24167.83529,AEP = 0.0001
26064.71633,AEP = 0.0001
20600.02094,AEP = 0.0001
28651.81244,AEP = 0.0001
16919.31769,AEP = 0.0001
27766.41388,AEP = 0.0001
28556.57769,AEP = 0.0001
22296.73971,AEP = 0.0001
26554.6721,AEP = 0.0001
41034.52063,AEP = 0.0001
17885.59238,AEP = 0.0001
37783.42376,AEP = 0.0001
17621.61163,AEP = 0.0001
28827.34848,AEP = 0.0001
33649.23337,AEP = 0.0001
36607.42376,AEP = 0.0001
22177.52653,AEP = 0.0001
29177.85118,AEP = 0.0001
33155.34149,AEP = 0.0001
26262.70695,AEP = 0.0001
28576.8397,AEP = 0.0001
31555.03244,AEP = 0.0001
35691.48674,AEP = 0.0001
24996.59453,AEP = 0.0001
33305.81637,AEP = 0.0001
27149.74037,AEP = 0.0001
22305.20672,AEP = 0.0001
29533.40672,AEP = 0.0001
30158.49603,AEP = 0.0001
44802.41941,AEP = 0.0001
47904.80086,AEP = 0.0001
23781.9551,AEP = 0.0001
37155.69891,AEP = 0.0001
27407.06393,AEP = 0.0001
35358.24896,AEP = 0.0001
23936.90128,AEP = 0.0001
31621.80352,AEP = 0.0001
34973.87892,AEP = 0.0001
26489.14455,AEP = 0.0001
28811.01956,AEP = 0.0001
30424.33516,AEP = 0.0001
23116.85731,AEP = 0.0001
34853.44997,AEP = 0.0001
29222.76397,AEP = 0.0001
31149.84586,AEP = 0.0001
29114.6549,AEP = 0.0001
30425.02805,AEP = 0.0001
30914.91888,AEP = 0.0001
39130.49324,AEP = 0.0001
21713.83966,AEP = 0.0001
20883.3719,AEP = 0.0001
52249.17339,AEP = 0.0001
21834.89111,AEP = 0.0001
40557.71,AEP = 0.0001
37350.24553,AEP = 0.0001
31418.00814,AEP = 0.0001
25487.72324,AEP = 0.0001
32821.72925,AEP = 0.0001
30715.38608,AEP = 0.0001
28761.06472,AEP = 0.0001
17757.07778,AEP = 0.0001
32350.57607,AEP = 0.0001
35618.9327,AEP = 0.0001
32987.57742,AEP = 0.0001
46961.74318,AEP = 0.0001
35563.16787,AEP = 0.0001
31250.89549,AEP = 0.0001
24036.14334,AEP = 0.0001
25123.72498,AEP = 0.0001
29139.62889,AEP = 0.0001
31277.19361,AEP = 0.0001
38013.09707,AEP = 0.0001
24891.08758,AEP = 0.0001
17910.58227,AEP = 0.0001
19913.36473,AEP = 0.0001
28907.99554,AEP = 0.0001
21899.42399,AEP = 0.0001
23380.72698,AEP = 0.0001
32522.46866,AEP = 0.0001
27600.97132,AEP = 0.0001
23793.64614,AEP = 0.0001
23276.73893,AEP = 0.0001
19837.05004,AEP = 0.0001
34036.82508,AEP = 0.0001
59931.67125,AEP = 0.0001
23214.67671,AEP = 0.0001
29826.28824,AEP = 0.0001
24033.48121,AEP = 0.0001
29018.01269,AEP = 0.0001
31351.77858,AEP = 0.0001
29563.10229,AEP = 0.0001
18824.95074,AEP = 0.0001
34689.89744,AEP = 0.0001
34975.80967,AEP = 0.0001
25043.74129,AEP = 0.0001
25085.92756,AEP = 0.0001
34306.42622,AEP = 0.0001
29401.30427,AEP = 0.0001
41361.40468,AEP = 0.0001
37342.83133,AEP = 0.0001
25010.20081,AEP = 0.0001
29102.55538,AEP = 0.0001
21690.04005,AEP = 0.0001
23833.08551,AEP = 0.0001
22134.77084,AEP = 0.0001
31822.95711,AEP = 0.0001
27142.446,AEP = 0.0001
29116.57059,AEP = 0.0001
27129.21193,AEP = 0.0001
22097.42659,AEP = 0.0001
29284.86662,AEP = 0.0001
32308.72782,AEP = 0.0001
32337.68806,AEP = 0.0001
22851.00107,AEP = 0.0001
29036.72743,AEP = 0.0001
21476.54736,AEP = 0.0001
32461.85305,AEP = 0.0001
30170.5297,AEP = 0.0001
37161.15044,AEP = 0.0001
36217.66559,AEP = 0.0001
29731.88717,AEP = 0.0001
32885.32552,AEP = 0.0001
32413.95646,AEP = 0.0001
24351.16879,AEP = 0.0001
32658.82676,AEP = 0.0001
27451.54059,AEP = 0.0001
28213.23616,AEP = 0.0001
30122.62516,AEP = 0.0001
29116.58981,AEP = 0.0001
24645.53471,AEP = 0.0001
26503.12344,AEP = 0.0001
30845.15334,AEP = 0.0001
34033.46639,AEP = 0.0001
43903.96397,AEP = 0.0001
41266.1023,AEP = 0.0001
31038.38541,AEP = 0.0001
32678.78653,AEP = 0.0001
33116.91232,AEP = 0.0001
31006.48202,AEP = 0.0001
20261.41014,AEP = 0.0001
27873.19079,AEP = 0.0001
21679.48535,AEP = 0.0001
30929.33948,AEP = 0.0001
33522.9171,AEP = 0.0001
40185.67378,AEP = 0.0001
35269.37907,AEP = 0.0001
26749.84739,AEP = 0.0001
25618.47748,AEP = 0.0001
33122.46738,AEP = 0.0001
17804.21247,AEP = 0.0001
28558.89592,AEP = 0.0001
33420.45563,AEP = 0.0001
33790.39819,AEP = 0.0001
24391.56359,AEP = 0.0001
30293.81878,AEP = 0.0001
25986.63893,AEP = 0.0001
38296.3926,AEP = 0.0001
43328.92338,AEP = 0.0001
22541.39966,AEP = 0.0001
25102.97886,AEP = 0.0001
33436.13215,AEP = 0.0001
30384.49584,AEP = 0.0001
27944.90126,AEP = 0.0001
25512.47524,AEP = 0.0001
34245.40461,AEP = 0.0001
25593.90459,AEP = 0.0001
27445.18088,AEP = 0.0001
21941.96907,AEP = 0.0001
43369.93707,AEP = 0.0001
25283.55096,AEP = 0.0001
23575.24613,AEP = 0.0001
23348.70299,AEP = 0.0001
37887.06252,AEP = 0.0001
27371.7508,AEP = 0.0001
34143.45518,AEP = 0.0001
40161.19776,AEP = 0.0001
42102.05299,AEP = 0.0001
26292.53225,AEP = 0.0001
37342.86886,AEP = 0.0001
39081.28265,AEP = 0.0001
40770.75576,AEP = 0.0001
28270.22907,AEP = 0.0001
30050.33521,AEP = 0.0001
21302.40081,AEP = 0.0001
34457.68777,AEP = 0.0001
29878.49893,AEP = 0.0001
32868.17112,AEP = 0.0001
22952.69658,AEP = 0.0001
39942.46667,AEP = 0.0001
38121.66674,AEP = 0.0001
28051.78114,AEP = 0.0001
32592.36682,AEP = 0.0001
35580.73555,AEP = 0.0001
49960.88946,AEP = 0.0001
19546.40586,AEP = 0.0001
23246.70052,AEP = 0.0001
25925.5008,AEP = 0.0001
28795.33372,AEP = 0.0001
21445.46659,AEP = 0.0001
26536.30081,AEP = 0.0001
27106.86319,AEP = 0.0001
26914.89908,AEP = 0.0001
47085.98989,AEP = 0.0001
25764.92052,AEP = 0.0001
20948.60291,AEP = 0.0001
25828.77888,AEP = 0.0001
52999.59693,AEP = 0.0001
24579.74359,AEP = 0.0001
23941.42771,AEP = 0.0001
27684.66023,AEP = 0.0001
38837.99989,AEP = 0.0001
45693.15383,AEP = 0.0001
26906.68524,AEP = 0.0001
33872.00229,AEP = 0.0001
28594.31096,AEP = 0.0001
36406.19388,AEP = 0.0001
28250.36493,AEP = 0.0001
34404.70901,AEP = 0.0001
17298.20295,AEP = 0.0001
31176.00221,AEP = 0.0001
38975.70675,AEP = 0.0001
38920.11441,AEP = 0.0001
33548.52136,AEP = 0.0001
28193.40814,AEP = 0.0001
33794.2726,AEP = 0.0001
28993.29069,AEP = 0.0001
25525.97163,AEP = 0.0001
32490.52879,AEP = 0.0001
30291.82043,AEP = 0.0001
28481.34244,AEP = 0.0001
33500.25217,AEP = 0.0001
18797.42802,AEP = 0.0001
32577.2821,AEP = 0.0001
38047.66646,AEP = 0.0001
28884.57141,AEP = 0.0001
25268.47994,AEP = 0.0001
27177.72916,AEP = 0.0001
46992.08358,AEP = 0.0001
33735.17643,AEP = 0.0001
27604.25971,AEP = 0.0001
26345.05485,AEP = 0.0001
31394.23594,AEP = 0.0001
27232.60639,AEP = 0.0001
30173.53608,AEP = 0.0001
23282.18747,AEP = 0.0001
34814.86496,AEP = 0.0001
33134.70883,AEP = 0.0001
30851.41057,AEP = 0.0001
37025.20106,AEP = 0.0001
30523.30317,AEP = 0.0001
21007.35308,AEP = 0.0001
43176.78575,AEP = 0.0001
33499.43715,AEP = 0.0001
30393.83918,AEP = 0.0001
21477.22951,AEP = 0.0001
36691.33625,AEP = 0.0001
26272.67108,AEP = 0.0001
36296.09128,AEP = 0.0001
25452.78238,AEP = 0.0001
22267.55757,AEP = 0.0001
25461.76576,AEP = 0.0001
20248.08798,AEP = 0.0001
35632.58231,AEP = 0.0001
37306.60993,AEP = 0.0001
23948.59965,AEP = 0.0001
39372.1033,AEP = 0.0001
26832.07971,AEP = 0.0001
22675.52381,AEP = 0.0001
29926.24862,AEP = 0.0001
29374.40757,AEP = 0.0001
28657.28411,AEP = 0.0001
23136.53193,AEP = 0.0001
24723.74477,AEP = 0.0001
30833.38224,AEP = 0.0001
25183.06356,AEP = 0.0001
30836.93415,AEP = 0.0001
31857.26595,AEP = 0.0001
37640.44476,AEP = 0.0001
28968.85241,AEP = 0.0001
30374.30145,AEP = 0.0001
30828.2145,AEP = 0.0001
39145.38746,AEP = 0.0001
20955.35089,AEP = 0.0001
31357.21303,AEP = 0.0001
20151.8179,AEP = 0.0001
23232.81173,AEP = 0.0001
22910.41256,AEP = 0.0001
20428.12308,AEP = 0.0001
20722.41742,AEP = 0.0001
22305.3768,AEP = 0.0001
17667.70575,AEP = 0.0001
42315.11772,AEP = 0.0001
35705.85668,AEP = 0.0001
41441.20778,AEP = 0.0001
30965.1337,AEP = 0.0001
29919.24256,AEP = 0.0001
29775.60024,AEP = 0.0001
21889.60497,AEP = 0.0001
21903.16715,AEP = 0.0001
25897.36894,AEP = 0.0001
31122.3728,AEP = 0.0001
25966.16218,AEP = 0.0001
46438.4083,AEP = 0.0001
27208.51767,AEP = 0.0001
33169.85436,AEP = 0.0001
30414.49948,AEP = 0.0001
27051.74947,AEP = 0.0001
38166.57742,AEP = 0.0001
32867.94773,AEP = 0.0001
30767.83011,AEP = 0.0001
31033.15712,AEP = 0.0001
40462.71333,AEP = 0.0001
26264.05092,AEP = 0.0001
23816.17443,AEP = 0.0001
40304.89989,AEP = 0.0001
29563.64894,AEP = 0.0001
20032.86787,AEP = 0.0001
28864.65837,AEP = 0.0001
32717.5797,AEP = 0.0001
22054.39825,AEP = 0.0001
29667.11402,AEP = 0.0001
38991.13025,AEP = 0.0001
26667.62769,AEP = 0.0001
27181.37565,AEP = 0.0001
34033.11433,AEP = 0.0001
23723.87569,AEP = 0.0001
26170.28735,AEP = 0.0001
33690.27597,AEP = 0.0001
28753.76673,AEP = 0.0001
28134.88823,AEP = 0.0001
25932.80293,AEP = 0.0001
40149.3095,AEP = 0.0001
28053.68953,AEP = 0.0001
17195.07155,AEP = 0.0001
21796.77408,AEP = 0.0001
37179.41379,AEP = 0.0001
27773.04523,AEP = 0.0001
22094.66229,AEP = 0.0001
32672.70019,AEP = 0.0001
22864.68786,AEP = 0.0001
28612.61236,AEP = 0.0001
24423.54208,AEP = 0.0001
33577.96732,AEP = 0.0001
29759.2093,AEP = 0.0001
23151.51244,AEP = 0.0001
20458.71981,AEP = 0.0001
46833.82021,AEP = 0.0001
30357.12396,AEP = 0.0001
24679.55495,AEP = 0.0001
39996.56833,AEP = 0.0001
37435.18547,AEP = 0.0001
50769.29386,AEP = 0.0001
23992.85229,AEP = 0.0001
19296.59805,AEP = 0.0001
32564.95071,AEP = 0.0001
20651.03396,AEP = 0.0001
34573.7434,AEP = 0.0001
21111.88441,AEP = 0.0001
27138.32106,AEP = 0.0001
40427.92272,AEP = 0.0001
24475.84963,AEP = 0.0001
40448.42056,AEP = 0.0001
31773.91826,AEP = 0.0001
35692.81469,AEP = 0.0001
27025.27976,AEP = 0.0001
31602.01606,AEP = 0.0001
51543.27434,AEP = 0.0001
22090.54779,AEP = 0.0001
35200.36724,AEP = 0.0001
23689.59369,AEP = 0.0001
32342.60077,AEP = 0.0001
32992.01596,AEP = 0.0001
24921.52177,AEP = 0.0001
28570.95856,AEP = 0.0001
24487.37153,AEP = 0.0001
40108.33141,AEP = 0.0001
21834.56643,AEP = 0.0001
32440.67256,AEP = 0.0001
32242.46192,AEP = 0.0001
39598.31133,AEP = 0.0001
19483.43128,AEP = 0.0001
21623.80776,AEP = 0.0001
29406.05245,AEP = 0.0001
36372.52509,AEP = 0.0001
36795.94327,AEP = 0.0001
25777.97581,AEP = 0.0001
26865.97545,AEP = 0.0001
30763.63587,AEP = 0.0001
35494.73232,AEP = 0.0001
29549.6047,AEP = 0.0001
35644.9665,AEP = 0.0001
46950.61113,AEP = 0.0001
37557.78279,AEP = 0.0001
33261.89788,AEP = 0.0001
36684.08512,AEP = 0.0001
41310.10201,AEP = 0.0001
37250.37519,AEP = 0.0001
23156.61027,AEP = 0.0001
31883.20106,AEP = 0.0001
34362.99177,AEP = 0.0001
31373.20048,AEP = 0.0001
39176.75797,AEP = 0.0001
37519.69908,AEP = 0.0001
30882.09916,AEP = 0.0001
30373.42287,AEP = 0.0001
36535.38035,AEP = 0.0001
23797.58471,AEP = 0.0001
23937.20496,AEP = 0.0001
26992.42375,AEP = 0.0001
28839.09777,AEP = 0.0001
41913.98065,AEP = 0.0001
24221.16955,AEP = 0.0001
30408.80398,AEP = 0.0001
29832.74872,AEP = 0.0001
25714.0018,AEP = 0.0001
42672.15568,AEP = 0.0001
26308.09732,AEP = 0.0001
26005.27038,AEP = 0.0001
22914.75269,AEP = 0.0001
37430.52382,AEP = 0.0001
20034.0827,AEP = 0.0001
33613.49496,AEP = 0.0001
19150.75513,AEP = 0.0001
29089.83474,AEP = 0.0001
32283.07123,AEP = 0.0001
45535.98578,AEP = 0.0001
28787.21094,AEP = 0.0001
37488.62472,AEP = 0.0001
35850.39887,AEP = 0.0001
32022.01862,AEP = 0.0001
41275.32516,AEP = 0.0001
22329.78663,AEP = 0.0001
33616.41923,AEP = 0.0001
27783.4797,AEP = 0.0001
23829.39987,AEP = 0.0001
38462.39961,AEP = 0.0001
28888.83256,AEP = 0.0001
29719.25501,AEP = 0.0001
33338.02879,AEP = 0.0001
21038.16066,AEP = 0.0001
21263.95378,AEP = 0.0001
26374.3846,AEP = 0.0001
40877.66107,AEP = 0.0001
37039.27078,AEP = 0.0001
26285.11199,AEP = 0.0001
27808.19404,AEP = 0.0001
45611.01818,AEP = 0.0001
34434.15469,AEP = 0.0001
35331.99119,AEP = 0.0001
23244.18198,AEP = 0.0001
32472.01214,AEP = 0.0001
21364.27034,AEP = 0.0001
34167.2968,AEP = 0.0001
34600.09944,AEP = 0.0001
19816.94941,AEP = 0.0001
28921.45988,AEP = 0.0001
28813.74311,AEP = 0.0001
18070.31169,AEP = 0.0001
29305.56782,AEP = 0.0001
20156.0509,AEP = 0.0001
24490.52066,AEP = 0.0001
22646.93002,AEP = 0.0001
27547.41059,AEP = 0.0001
27777.15842,AEP = 0.0001
26997.75688,AEP = 0.0001
26309.11157,AEP = 0.0001
18977.7835,AEP = 0.0001
24657.88118,AEP = 0.0001
24783.01379,AEP = 0.0001
27911.773,AEP = 0.0001
32200.15528,AEP = 0.0001
28960.29327,AEP = 0.0001
27093.8972,AEP = 0.0001
26113.13118,AEP = 0.0001
28407.89237,AEP = 0.0001
40460.84994,AEP = 0.0001
22146.13679,AEP = 0.0001
28300.04341,AEP = 0.0001
30993.57073,AEP = 0.0001
28579.8568,AEP = 0.0001
27728.48521,AEP = 0.0001
25427.78802,AEP = 0.0001
27179.06046,AEP = 0.0001
26310.04243,AEP = 0.0001
38512.68099,AEP = 0.0001
28425.19206,AEP = 0.0001
26092.58935,AEP = 0.0001
28765.69316,AEP = 0.0001
26790.64152,AEP = 0.0001
28151.02733,AEP = 0.0001
28699.92987,AEP = 0.0001
30859.82214,AEP = 0.0001
25963.5364,AEP = 0.0001
30953.16319,AEP = 0.0001
34079.52788,AEP = 0.0001
36155.22335,AEP = 0.0001
32367.15515,AEP = 0.0001
26985.01287,AEP = 0.0001
40968.8508,AEP = 0.0001
37398.05024,AEP = 0.0001
35592.26631,AEP = 0.0001
31125.5796,AEP = 0.0001
24035.95334,AEP = 0.0001
25405.06965,AEP = 0.0001
30565.45915,AEP = 0.0001
27896.76737,AEP = 0.0001
20154.07424,AEP = 0.0001
28191.05155,AEP = 0.0001
19934.72613,AEP = 0.0001
37148.50174,AEP = 0.0001
20508.29094,AEP = 0.0001
23110.74924,AEP = 0.0001
37772.53094,AEP = 0.0001
23053.89815,AEP = 0.0001
29982.05403,AEP = 0.0001
22335.95878,AEP = 0.0001
32801.41463,AEP = 0.0001
36361.86626,AEP = 0.0001
33304.6173,AEP = 0.0001
34703.59582,AEP = 0.0001
32502.03061,AEP = 0.0001
31251.75778,AEP = 0.0001
26143.24544,AEP = 0.0001
31305.81888,AEP = 0.0001
33986.06453,AEP = 0.0001
23028.73772,AEP = 0.0001
44014.13314,AEP = 0.0001
29685.72968,AEP = 0.0001
29308.37614,AEP = 0.0001
31426.98723,AEP = 0.0001
25890.23208,AEP = 0.0001
23098.25694,AEP = 0.0001
44385.13676,AEP = 0.0001
35800.75593,AEP = 0.0001
29651.88329,AEP = 0.0001
27903.27133,AEP = 0.0001
32570.77195,AEP = 0.0001
28287.74026,AEP = 0.0001
23326.73651,AEP = 0.0001
39856.21278,AEP = 0.0001
29122.71036,AEP = 0.0001
23972.614,AEP = 0.0001
33468.79792,AEP = 0.0001
26507.22409,AEP = 0.0001
19349.31515,AEP = 0.0001
27140.2152,AEP = 0.0001
31130.2441,AEP = 0.0001
33947.76165,AEP = 0.0001
35345.35876,AEP = 0.0001
25961.83496,AEP = 0.0001
35864.14672,AEP = 0.0001
37613.80568,AEP = 0.0001
27323.94202,AEP = 0.0001
27205.68702,AEP = 0.0001
37541.72038,AEP = 0.0001
21107.98204,AEP = 0.0001
24390.97609,AEP = 0.0001
16031.08279,AEP = 0.01
14872.34097,AEP = 0.01
15410.63309,AEP = 0.01
15108.43721,AEP = 0.01
17862.34674,AEP = 0.01
20834.4564,AEP = 0.01
17568.85307,AEP = 0.01
12246.48475,AEP = 0.01
16057.89288,AEP = 0.01
16035.25606,AEP = 0.01
14906.51405,AEP = 0.01
17158.18007,AEP = 0.01
14446.69889,AEP = 0.01
12665.02848,AEP = 0.01
15267.54988,AEP = 0.01
12598.43284,AEP = 0.01
17806.86154,AEP = 0.01
12910.96212,AEP = 0.01
11459.12846,AEP = 0.01
13767.54796,AEP = 0.01
14781.32511,AEP = 0.01
14180.10062,AEP = 0.01
16762.44463,AEP = 0.01
12280.76919,AEP = 0.01
15420.42476,AEP = 0.01
13394.23514,AEP = 0.01
18299.87538,AEP = 0.01
16589.48011,AEP = 0.01
12422.5376,AEP = 0.01
13872.43546,AEP = 0.01
17045.68261,AEP = 0.01
12199.43105,AEP = 0.01
14615.82885,AEP = 0.01
16381.27261,AEP = 0.01
20526.69734,AEP = 0.01
15770.31998,AEP = 0.01
13457.74368,AEP = 0.01
13274.21483,AEP = 0.01
11860.79075,AEP = 0.01
13525.6206,AEP = 0.01
12040.13514,AEP = 0.01
11533.51032,AEP = 0.01
11562.01926,AEP = 0.01
16339.99849,AEP = 0.01
16912.24013,AEP = 0.01
16952.85019,AEP = 0.01
18010.55862,AEP = 0.01
13939.59197,AEP = 0.01
14858.64442,AEP = 0.01
12092.76371,AEP = 0.01
17286.69012,AEP = 0.01
18218.09162,AEP = 0.01
11683.50534,AEP = 0.01
17043.96381,AEP = 0.01
15282.90976,AEP = 0.01
12157.32004,AEP = 0.01
17472.12026,AEP = 0.01
12223.18741,AEP = 0.01
18545.63277,AEP = 0.01
12549.58445,AEP = 0.01
15995.37699,AEP = 0.01
12878.30622,AEP = 0.01
12513.02606,AEP = 0.01
17034.66997,AEP = 0.01
15434.4315,AEP = 0.01
12598.91786,AEP = 0.01
13181.62124,AEP = 0.01
16567.65399,AEP = 0.01
15186.6019,AEP = 0.01
16983.77164,AEP = 0.01
14121.88673,AEP = 0.01
13085.22428,AEP = 0.01
16480.11027,AEP = 0.01
15966.72452,AEP = 0.01
13970.45579,AEP = 0.01
19575.50651,AEP = 0.01
15959.32672,AEP = 0.01
16024.77993,AEP = 0.01
16794.17357,AEP = 0.01
13693.17353,AEP = 0.01
13396.15615,AEP = 0.01
11378.68356,AEP = 0.01
14513.85823,AEP = 0.01
17135.31208,AEP = 0.01
12253.77174,AEP = 0.01
19414.10467,AEP = 0.01
14864.36418,AEP = 0.01
13154.30833,AEP = 0.01
12066.27569,AEP = 0.01
11585.39118,AEP = 0.01
17534.23048,AEP = 0.01
18552.50116,AEP = 0.01
15980.9395,AEP = 0.01
13773.39686,AEP = 0.01
15156.28757,AEP = 0.01
18675.19319,AEP = 0.01
21334.14127,AEP = 0.01
12771.01184,AEP = 0.01
15003.77188,AEP = 0.01
11956.27393,AEP = 0.01
15783.79316,AEP = 0.01
11678.62769,AEP = 0.01
18113.99933,AEP = 0.01
13640.28901,AEP = 0.01
17590.45855,AEP = 0.01
12649.59571,AEP = 0.01
15557.50331,AEP = 0.01
17420.37619,AEP = 0.01
17884.72611,AEP = 0.01
13623.60187,AEP = 0.01
17477.47317,AEP = 0.01
16883.08554,AEP = 0.01
15081.02019,AEP = 0.01
13252.14088,AEP = 0.01
13319.89347,AEP = 0.01
19453.03869,AEP = 0.01
16322.5608,AEP = 0.01
16286.59023,AEP = 0.01
14295.704,AEP = 0.01
12448.70481,AEP = 0.01
15472.91977,AEP = 0.01
11783.57523,AEP = 0.01
16057.79675,AEP = 0.01
14762.34674,AEP = 0.01
17153.46398,AEP = 0.01
19076.75809,AEP = 0.01
12431.03437,AEP = 0.01
11728.78607,AEP = 0.01
13855.95527,AEP = 0.01
17880.99692,AEP = 0.01
13095.78037,AEP = 0.01
14178.97596,AEP = 0.01
18164.68192,AEP = 0.01
17695.93555,AEP = 0.01
12702.63412,AEP = 0.01
17196.17961,AEP = 0.01
13071.89227,AEP = 0.01
15309.74374,AEP = 0.01
13776.95492,AEP = 0.01
12186.9737,AEP = 0.01
11343.95962,AEP = 0.01
13698.65293,AEP = 0.01
15804.15891,AEP = 0.01
12523.2684,AEP = 0.01
18170.56721,AEP = 0.01
17089.74846,AEP = 0.01
11851.66918,AEP = 0.01
12433.13242,AEP = 0.01
13791.50036,AEP = 0.01
19343.86765,AEP = 0.01
16433.09258,AEP = 0.01
18393.8643,AEP = 0.01
14106.4392,AEP = 0.01
11499.78794,AEP = 0.01
14125.96258,AEP = 0.01
16418.00108,AEP = 0.01
18038.97235,AEP = 0.01
12602.37785,AEP = 0.01
17397.90706,AEP = 0.01
19372.89304,AEP = 0.01
15846.82266,AEP = 0.01
17265.03771,AEP = 0.01
16108.67984,AEP = 0.01
14945.52112,AEP = 0.01
15120.95582,AEP = 0.01
16999.20407,AEP = 0.01
17631.03562,AEP = 0.01
17338.61521,AEP = 0.01
16494.93118,AEP = 0.01
16606.92797,AEP = 0.01
12360.07476,AEP = 0.01
18511.39452,AEP = 0.01
15278.77305,AEP = 0.01
11891.14196,AEP = 0.01
12167.0746,AEP = 0.01
13185.12108,AEP = 0.01
17773.58079,AEP = 0.01
15908.7681,AEP = 0.01
18105.88266,AEP = 0.01
13774.07782,AEP = 0.01
18320.20442,AEP = 0.01
13068.38604,AEP = 0.01
20331.94818,AEP = 0.01
20113.54225,AEP = 0.01
17627.45886,AEP = 0.01
18210.00208,AEP = 0.01
14844.51723,AEP = 0.01
17026.6852,AEP = 0.01
16775.80004,AEP = 0.01
13606.26392,AEP = 0.01
15247.65272,AEP = 0.01
18019.47489,AEP = 0.01
20239.91117,AEP = 0.01
16397.16039,AEP = 0.01
18666.31201,AEP = 0.01
13953.57554,AEP = 0.01
19054.42648,AEP = 0.01
18099.12108,AEP = 0.01
18283.75437,AEP = 0.01
17255.84015,AEP = 0.01
17848.40309,AEP = 0.01
18066.81938,AEP = 0.01
18249.85831,AEP = 0.01
14638.9829,AEP = 0.01
14818.31925,AEP = 0.01
13946.95375,AEP = 0.01
16585.12747,AEP = 0.01
11614.14473,AEP = 0.01
18005.42088,AEP = 0.01
18001.02701,AEP = 0.01
15353.66208,AEP = 0.01
15427.38654,AEP = 0.01
15761.89767,AEP = 0.01
14920.96139,AEP = 0.01
13240.28397,AEP = 0.01
14903.45836,AEP = 0.01
13666.13713,AEP = 0.01
18071.07142,AEP = 0.01
16309.41138,AEP = 0.01
13673.47515,AEP = 0.01
15001.58573,AEP = 0.01
13813.18297,AEP = 0.01
18274.68293,AEP = 0.01
13750.9541,AEP = 0.01
13460.0666,AEP = 0.01
11942.8829,AEP = 0.01
11713.27087,AEP = 0.01
16124.11114,AEP = 0.01
15124.85809,AEP = 0.01
15764.30465,AEP = 0.01
18675.70289,AEP = 0.01
16885.21812,AEP = 0.01
16375.36385,AEP = 0.01
16818.10854,AEP = 0.01
15310.44568,AEP = 0.01
13030.6754,AEP = 0.01
18700.30425,AEP = 0.01
17060.86121,AEP = 0.01
17193.02676,AEP = 0.01
13386.71848,AEP = 0.01
16317.26223,AEP = 0.01
15498.79947,AEP = 0.01
15711.91923,AEP = 0.01
12910.74945,AEP = 0.01
18611.4048,AEP = 0.01
18722.65958,AEP = 0.01
14514.08646,AEP = 0.01
17569.55953,AEP = 0.01
11925.12582,AEP = 0.01
12948.72689,AEP = 0.01
17620.45595,AEP = 0.01
16342.37496,AEP = 0.01
16341.74133,AEP = 0.01
13638.45941,AEP = 0.01
12204.02053,AEP = 0.01
14876.38949,AEP = 0.01
16466.5824,AEP = 0.01
16727.49335,AEP = 0.01
15846.20279,AEP = 0.01
12848.00229,AEP = 0.01
11176.99545,AEP = 0.01
16997.7477,AEP = 0.01
12149.74935,AEP = 0.01
15284.02917,AEP = 0.01
12813.45495,AEP = 0.01
17521.32419,AEP = 0.01
18716.84563,AEP = 0.01
15738.35391,AEP = 0.01
16405.60961,AEP = 0.01
15571.00683,AEP = 0.01
15031.73707,AEP = 0.01
16982.09627,AEP = 0.01
14931.07295,AEP = 0.01
14108.85804,AEP = 0.01
18530.39805,AEP = 0.01
12494.61459,AEP = 0.01
13984.23923,AEP = 0.01
15203.69865,AEP = 0.01
17822.57047,AEP = 0.01
19532.80444,AEP = 0.01
13437.6953,AEP = 0.01
16429.92573,AEP = 0.01
12352.07096,AEP = 0.01
14942.15227,AEP = 0.01
14908.68834,AEP = 0.01
12919.56612,AEP = 0.01
16763.74116,AEP = 0.01
20383.24345,AEP = 0.01
15215.73268,AEP = 0.01
15494.70675,AEP = 0.01
13592.12194,AEP = 0.01
16850.79626,AEP = 0.01
18993.7676,AEP = 0.01
17097.59772,AEP = 0.01
14328.61782,AEP = 0.01
11781.51974,AEP = 0.01
20124.43167,AEP = 0.01
18391.5802,AEP = 0.01
19218.75314,AEP = 0.01
13049.12581,AEP = 0.01
15730.24372,AEP = 0.01
18871.19899,AEP = 0.01
13699.78233,AEP = 0.01
14447.60114,AEP = 0.01
18202.01443,AEP = 0.01
12141.50199,AEP = 0.01
14738.64465,AEP = 0.01
12941.03844,AEP = 0.01
17081.18975,AEP = 0.01
16228.21128,AEP = 0.01
15404.31827,AEP = 0.01
15064.50179,AEP = 0.01
13684.10574,AEP = 0.01
17342.1595,AEP = 0.01
18192.40069,AEP = 0.01
14702.12452,AEP = 0.01
19089.40746,AEP = 0.01
19136.06103,AEP = 0.01
11536.72616,AEP = 0.01
14098.58948,AEP = 0.01
11373.61119,AEP = 0.01
15914.31964,AEP = 0.01
13749.30946,AEP = 0.01
12584.52136,AEP = 0.01
14739.41534,AEP = 0.01
15691.32201,AEP = 0.01
14773.78208,AEP = 0.01
13841.72694,AEP = 0.01
19032.37197,AEP = 0.01
13014.43137,AEP = 0.01
15321.92891,AEP = 0.01
15792.5935,AEP = 0.01
18398.73598,AEP = 0.01
16753.27646,AEP = 0.01
14913.20333,AEP = 0.01
16648.63922,AEP = 0.01
19397.13813,AEP = 0.01
12510.5868,AEP = 0.01
18095.07075,AEP = 0.01
13643.73997,AEP = 0.01
16710.81542,AEP = 0.01
16092.19449,AEP = 0.01
17831.00997,AEP = 0.01
18547.72983,AEP = 0.01
11149.74419,AEP = 0.01
16326.75348,AEP = 0.01
18007.51486,AEP = 0.01
13502.77469,AEP = 0.01
12431.1858,AEP = 0.01
12028.459,AEP = 0.01
13462.83923,AEP = 0.01
13123.47252,AEP = 0.01
15944.69382,AEP = 0.01
12506.95408,AEP = 0.01
11677.46594,AEP = 0.01
16630.55943,AEP = 0.01
20329.52956,AEP = 0.01
16397.36581,AEP = 0.01
15949.10828,AEP = 0.01
17268.04869,AEP = 0.01
15714.63394,AEP = 0.01
19278.27553,AEP = 0.01
14516.25447,AEP = 0.01
14593.87078,AEP = 0.01
13144.71745,AEP = 0.01
12054.01931,AEP = 0.01
12766.76334,AEP = 0.01
16550.16653,AEP = 0.01
16229.63904,AEP = 0.01
18283.90857,AEP = 0.01
17260.03397,AEP = 0.01
17235.54567,AEP = 0.01
11870.83995,AEP = 0.01
20948.72102,AEP = 0.01
16029.52475,AEP = 0.01
13097.70185,AEP = 0.01
18232.57713,AEP = 0.01
13973.05093,AEP = 0.01
18505.17622,AEP = 0.01
17210.93586,AEP = 0.01
11783.90563,AEP = 0.01
15575.66651,AEP = 0.01
12862.60922,AEP = 0.01
16758.93571,AEP = 0.01
13774.91857,AEP = 0.01
11478.78908,AEP = 0.01
13560.60289,AEP = 0.01
13598.96321,AEP = 0.01
12179.81017,AEP = 0.01
14937.23334,AEP = 0.01
16168.61804,AEP = 0.01
13454.75733,AEP = 0.01
18765.83011,AEP = 0.01
15451.92466,AEP = 0.01
14597.62665,AEP = 0.01
16463.57588,AEP = 0.01
17455.03887,AEP = 0.01
17575.78541,AEP = 0.01
16951.93756,AEP = 0.01
19832.56435,AEP = 0.01
19347.00911,AEP = 0.01
16748.22937,AEP = 0.01
13317.98795,AEP = 0.01
14546.43082,AEP = 0.01
13668.65397,AEP = 0.01
16506.83517,AEP = 0.01
14862.90081,AEP = 0.01
16761.42122,AEP = 0.01
14977.47428,AEP = 0.01
15701.2339,AEP = 0.01
18766.9057,AEP = 0.01
13116.93033,AEP = 0.01
11571.75206,AEP = 0.01
14268.39395,AEP = 0.01
18081.57972,AEP = 0.01
18055.86002,AEP = 0.01
19149.62645,AEP = 0.01
15829.13142,AEP = 0.01
17534.46771,AEP = 0.01
14305.15247,AEP = 0.01
16259.41156,AEP = 0.01
14925.95158,AEP = 0.01
13715.8871,AEP = 0.01
15337.06647,AEP = 0.01
13429.82276,AEP = 0.01
14342.44606,AEP = 0.01
21394.18784,AEP = 0.01
16380.91207,AEP = 0.01
15642.71078,AEP = 0.01
13212.26219,AEP = 0.01
17201.94133,AEP = 0.01
14762.4019,AEP = 0.01
10875.14349,AEP = 0.01
13589.38795,AEP = 0.01
19891.04414,AEP = 0.01
13564.81543,AEP = 0.01
11628.44919,AEP = 0.01
16804.62007,AEP = 0.01
16095.34062,AEP = 0.01
15450.81357,AEP = 0.01
13322.18676,AEP = 0.01
17535.62123,AEP = 0.01
15678.72338,AEP = 0.01
15100.9409,AEP = 0.01
14766.00444,AEP = 0.01
14536.00592,AEP = 0.01
14055.57597,AEP = 0.01
13776.26116,AEP = 0.01
14228.03529,AEP = 0.01
11888.53768,AEP = 0.01
19690.80507,AEP = 0.01
14508.34828,AEP = 0.01
16623.53612,AEP = 0.01
19110.50768,AEP = 0.01
14119.74741,AEP = 0.01
13700.05067,AEP = 0.01
17594.37707,AEP = 0.01
13156.82352,AEP = 0.01
15859.75281,AEP = 0.01
16485.40172,AEP = 0.01
18684.62353,AEP = 0.01
12311.82171,AEP = 0.01
15837.19474,AEP = 0.01
11552.36676,AEP = 0.01
16268.89757,AEP = 0.01
13991.76538,AEP = 0.01
14639.33665,AEP = 0.01
11740.75735,AEP = 0.01
14734.90607,AEP = 0.01
15573.07681,AEP = 0.01
12556.26213,AEP = 0.01
17464.92914,AEP = 0.01
17355.46473,AEP = 0.01
13359.77468,AEP = 0.01
17192.23816,AEP = 0.01
10644.62812,AEP = 0.01
14493.52062,AEP = 0.01
14514.23054,AEP = 0.01
14587.11929,AEP = 0.01
15342.77605,AEP = 0.01
14230.07232,AEP = 0.01
14278.34877,AEP = 0.01
11847.9185,AEP = 0.01
16433.11511,AEP = 0.01
13104.03246,AEP = 0.01
12303.1488,AEP = 0.01
12344.87433,AEP = 0.01
17764.33237,AEP = 0.01
11004.69321,AEP = 0.01
18056.20995,AEP = 0.01
18957.74545,AEP = 0.01
13186.41398,AEP = 0.01
17243.36832,AEP = 0.01
17440.78302,AEP = 0.01
18414.6982,AEP = 0.01
13678.0122,AEP = 0.01
12024.07091,AEP = 0.01
16777.00778,AEP = 0.01
14879.30518,AEP = 0.01
17015.13806,AEP = 0.01
12267.08716,AEP = 0.01
16066.3895,AEP = 0.01
17008.09862,AEP = 0.01
17927.01844,AEP = 0.01
17597.97913,AEP = 0.01
12833.87248,AEP = 0.01
13349.19535,AEP = 0.01
16961.411,AEP = 0.01
15558.50183,AEP = 0.01
19213.95737,AEP = 0.01
16539.56281,AEP = 0.01
16059.67924,AEP = 0.01
15710.07612,AEP = 0.01
16452.0692,AEP = 0.01
15465.63195,AEP = 0.01
12718.92874,AEP = 0.01
14931.32856,AEP = 0.01
17947.15089,AEP = 0.01
13685.82991,AEP = 0.01
19397.56927,AEP = 0.01
17566.6396,AEP = 0.01
13523.10363,AEP = 0.01
17156.36791,AEP = 0.01
16652.42914,AEP = 0.01
17531.08749,AEP = 0.01
12802.93136,AEP = 0.01
12118.16499,AEP = 0.01
13980.27825,AEP = 0.01
15202.84289,AEP = 0.01
12409.21331,AEP = 0.01
17694.91139,AEP = 0.01
13400.96801,AEP = 0.01
18789.80132,AEP = 0.01
16140.53336,AEP = 0.01
12059.80729,AEP = 0.01
19361.02918,AEP = 0.01
15415.31764,AEP = 0.01
12557.46543,AEP = 0.01
14215.67487,AEP = 0.01
16100.91572,AEP = 0.01
16569.93806,AEP = 0.01
16819.05366,AEP = 0.01
17133.93683,AEP = 0.01
17261.32676,AEP = 0.01
15258.11499,AEP = 0.01
16094.9512,AEP = 0.01
13763.13063,AEP = 0.01
13482.83769,AEP = 0.01
17112.83073,AEP = 0.01
15864.78359,AEP = 0.01
13649.93367,AEP = 0.01
15604.08954,AEP = 0.01
11628.01364,AEP = 0.01
15848.21423,AEP = 0.01
16757.68806,AEP = 0.01
18014.27229,AEP = 0.01
12876.60706,AEP = 0.01
13303.68794,AEP = 0.01
12779.76892,AEP = 0.01
16488.19366,AEP = 0.01
14680.95511,AEP = 0.01
12292.65181,AEP = 0.01
16511.34734,AEP = 0.01
18758.40358,AEP = 0.01
16555.16756,AEP = 0.01
11874.72203,AEP = 0.01
15196.11365,AEP = 0.01
16723.14411,AEP = 0.01
14241.69454,AEP = 0.01
15166.93573,AEP = 0.01
14454.30584,AEP = 0.01
16723.74155,AEP = 0.01
13187.55672,AEP = 0.01
13257.55731,AEP = 0.01
11942.53201,AEP = 0.01
13544.80858,AEP = 0.01
17825.62848,AEP = 0.01
16690.00902,AEP = 0.01
14342.02177,AEP = 0.01
16624.34744,AEP = 0.01
12974.73237,AEP = 0.01
12998.3532,AEP = 0.01
13788.0759,AEP = 0.01
18873.90602,AEP = 0.01
13683.74917,AEP = 0.01
12639.12241,AEP = 0.01
11563.49427,AEP = 0.01
14673.7842,AEP = 0.01
17710.57917,AEP = 0.01
16780.90934,AEP = 0.01
16242.55289,AEP = 0.01
17068.50687,AEP = 0.01
19887.74702,AEP = 0.01
15001.90762,AEP = 0.01
16819.85328,AEP = 0.01
11479.12627,AEP = 0.01
14781.94647,AEP = 0.01
15698.45536,AEP = 0.01
12858.85998,AEP = 0.01
15666.18452,AEP = 0.01
17089.03785,AEP = 0.01
15495.47329,AEP = 0.01
17359.7448,AEP = 0.01
12370.35693,AEP = 0.01
13571.26451,AEP = 0.01
12330.24567,AEP = 0.01
13826.53449,AEP = 0.01
16085.28484,AEP = 0.01
18655.22005,AEP = 0.01
12949.02292,AEP = 0.01
13555.38151,AEP = 0.01
14288.03579,AEP = 0.01
17901.95513,AEP = 0.01
17116.70344,AEP = 0.01
17559.14995,AEP = 0.01
17801.94174,AEP = 0.01
17590.62131,AEP = 0.01
14107.86084,AEP = 0.01
14221.65544,AEP = 0.01
13555.64196,AEP = 0.01
12520.79404,AEP = 0.01
14540.1671,AEP = 0.01
14352.83032,AEP = 0.01
13007.00413,AEP = 0.01
14560.60274,AEP = 0.01
16893.23974,AEP = 0.01
18583.68972,AEP = 0.01
15443.22257,AEP = 0.01
12742.6761,AEP = 0.01
13447.87504,AEP = 0.01
16082.80986,AEP = 0.01
17492.45188,AEP = 0.01
13224.29103,AEP = 0.01
15255.76361,AEP = 0.01
14890.25737,AEP = 0.01
13203.71055,AEP = 0.01
15506.03847,AEP = 0.01
12347.62248,AEP = 0.01
13216.82502,AEP = 0.01
14814.26734,AEP = 0.01
16179.78002,AEP = 0.01
13547.06992,AEP = 0.01
17166.55239,AEP = 0.01
12974.47088,AEP = 0.01
11424.58458,AEP = 0.01
13529.11493,AEP = 0.01
12441.15278,AEP = 0.01
17403.65118,AEP = 0.01
13457.58682,AEP = 0.01
13314.43129,AEP = 0.01
18008.08027,AEP = 0.01
12358.86931,AEP = 0.01
17816.95871,AEP = 0.01
17949.66078,AEP = 0.01
13465.44606,AEP = 0.01
13693.45806,AEP = 0.01
15752.70532,AEP = 0.01
15769.9955,AEP = 0.01
17691.29756,AEP = 0.01
13317.37237,AEP = 0.01
12720.18225,AEP = 0.01
16867.98374,AEP = 0.01
12725.64852,AEP = 0.01
11658.5692,AEP = 0.01
16933.81186,AEP = 0.01
14391.87031,AEP = 0.01
16236.27918,AEP = 0.01
16295.02838,AEP = 0.01
14855.13601,AEP = 0.01
16824.61617,AEP = 0.01
12221.05339,AEP = 0.01
15173.19298,AEP = 0.01
13590.45459,AEP = 0.01
19570.5274,AEP = 0.01
17610.48844,AEP = 0.01
17540.37184,AEP = 0.01
18462.10192,AEP = 0.01
17326.43685,AEP = 0.01
12241.9699,AEP = 0.01
12134.24173,AEP = 0.01
11410.75259,AEP = 0.01
15774.38626,AEP = 0.01
12027.27061,AEP = 0.01
13679.26145,AEP = 0.01
19230.70424,AEP = 0.01
12351.71898,AEP = 0.01
18042.62347,AEP = 0.01
16980.96273,AEP = 0.01
17770.49016,AEP = 0.01
15245.06398,AEP = 0.01
15755.49278,AEP = 0.01
19197.60066,AEP = 0.01
16919.27953,AEP = 0.01
17497.58361,AEP = 0.01
19619.65071,AEP = 0.01
17906.43989,AEP = 0.01
13780.49653,AEP = 0.01
15481.63177,AEP = 0.01
12576.08406,AEP = 0.01
19545.15107,AEP = 0.01
17494.98126,AEP = 0.01
15488.09837,AEP = 0.01
16256.67999,AEP = 0.01
18549.73682,AEP = 0.01
17306.63875,AEP = 0.01
18241.08483,AEP = 0.01
16000.10519,AEP = 0.01
15642.20512,AEP = 0.01
18230.91348,AEP = 0.01
18859.67677,AEP = 0.01
15490.44011,AEP = 0.01
16101.9913,AEP = 0.01
13298.85082,AEP = 0.01
15102.40088,AEP = 0.01
18152.84166,AEP = 0.01
17360.95043,AEP = 0.01
19030.18317,AEP = 0.01
15907.34238,AEP = 0.01
14923.79248,AEP = 0.01
13562.53403,AEP = 0.01
17451.44441,AEP = 0.01
13256.72964,AEP = 0.01
15231.46581,AEP = 0.01
17964.07617,AEP = 0.01
13667.08724,AEP = 0.01
14046.71263,AEP = 0.01
16858.71219,AEP = 0.01
16301.7108,AEP = 0.01
13987.62165,AEP = 0.01
15043.6335,AEP = 0.01
19465.57209,AEP = 0.01
13570.8012,AEP = 0.01
17999.97895,AEP = 0.01
18981.68121,AEP = 0.01
16179.60386,AEP = 0.01
13179.22011,AEP = 0.01
16137.91619,AEP = 0.01
14273.70321,AEP = 0.01
12706.81066,AEP = 0.01
16076.73011,AEP = 0.01
11167.08478,AEP = 0.01
10914.51864,AEP = 0.01
12063.07799,AEP = 0.01
13401.85056,AEP = 0.01
15922.47437,AEP = 0.01
12509.26428,AEP = 0.01
13730.86447,AEP = 0.01
14875.06645,AEP = 0.01
15791.79482,AEP = 0.01
11839.4686,AEP = 0.01
13391.13851,AEP = 0.01
17380.73218,AEP = 0.01
14161.69545,AEP = 0.01
10672.87985,AEP = 0.01
17313.30517,AEP = 0.01
17231.35275,AEP = 0.01
12156.04168,AEP = 0.01
19828.67722,AEP = 0.01
15196.26599,AEP = 0.01
16251.86653,AEP = 0.01
13763.23304,AEP = 0.01
18158.4142,AEP = 0.01
13169.91352,AEP = 0.01
16348.1152,AEP = 0.01
11778.60719,AEP = 0.01
17857.71318,AEP = 0.01
14882.97502,AEP = 0.01
18459.05977,AEP = 0.01
11909.98519,AEP = 0.01
16374.70269,AEP = 0.01
17354.16934,AEP = 0.01
19031.90152,AEP = 0.01
13572.50244,AEP = 0.01
15079.84802,AEP = 0.01
12086.41215,AEP = 0.01
14827.57197,AEP = 0.01
13095.13245,AEP = 0.01
11655.79716,AEP = 0.01
14139.80887,AEP = 0.01
11525.01355,AEP = 0.01
16961.29723,AEP = 0.01
18409.89892,AEP = 0.01
13878.81739,AEP = 0.01
13412.94835,AEP = 0.01
16652.63537,AEP = 0.01
12949.42565,AEP = 0.01
12987.99633,AEP = 0.01
12905.57965,AEP = 0.01
11761.965,AEP = 0.01
16055.00448,AEP = 0.01
17496.32126,AEP = 0.01
14662.74401,AEP = 0.01
13130.30196,AEP = 0.01
14108.25467,AEP = 0.01
16660.03614,AEP = 0.01
11728.58279,AEP = 0.01
15359.6733,AEP = 0.01
14527.27995,AEP = 0.01
17451.23988,AEP = 0.01
18672.91216,AEP = 0.01
13732.40536,AEP = 0.01
17607.31522,AEP = 0.01
19968.3014,AEP = 0.01
14913.01405,AEP = 0.01
18588.04162,AEP = 0.01
13694.28061,AEP = 0.01
15707.68092,AEP = 0.01
17265.10735,AEP = 0.01
18350.98231,AEP = 0.01
18141.59117,AEP = 0.01
15092.51257,AEP = 0.01
11953.41776,AEP = 0.01
14243.268,AEP = 0.01
17735.60092,AEP = 0.01
14799.74887,AEP = 0.01
19245.9238,AEP = 0.01
15420.73168,AEP = 0.01
15736.68575,AEP = 0.01
18838.12638,AEP = 0.01
14073.48768,AEP = 0.01
12942.89794,AEP = 0.01
13934.27339,AEP = 0.01
12160.8987,AEP = 0.01
14856.73913,AEP = 0.01
14095.16135,AEP = 0.01
13423.67579,AEP = 0.01
14381.11866,AEP = 0.01
19766.09982,AEP = 0.01
13310.04169,AEP = 0.01
19384.35973,AEP = 0.01
14383.80504,AEP = 0.01
13949.43443,AEP = 0.01
13315.44495,AEP = 0.01
15477.2743,AEP = 0.01
18786.01424,AEP = 0.01
17609.14508,AEP = 0.01
16801.74931,AEP = 0.01
15247.28217,AEP = 0.01
14973.00973,AEP = 0.01
17825.4041,AEP = 0.01
12649.45546,AEP = 0.01
18250.07591,AEP = 0.01
14565.29058,AEP = 0.01
14038.24836,AEP = 0.01
13603.01804,AEP = 0.01
16573.84685,AEP = 0.01
16619.53096,AEP = 0.01
18228.33005,AEP = 0.01
12710.69805,AEP = 0.01
11353.09456,AEP = 0.01
17086.81174,AEP = 0.01
18158.0803,AEP = 0.01
13933.53958,AEP = 0.01
16896.33356,AEP = 0.01
15626.253,AEP = 0.01
15863.52177,AEP = 0.01
18788.60027,AEP = 0.01
16820.94455,AEP = 0.01
14476.7417,AEP = 0.01
18997.80111,AEP = 0.01
19131.32266,AEP = 0.01
15548.11392,AEP = 0.01
16375.03641,AEP = 0.01
13584.64892,AEP = 0.01
14737.79963,AEP = 0.01
12400.51562,AEP = 0.01
17110.76732,AEP = 0.01
13760.08581,AEP = 0.01
17416.17243,AEP = 0.01
17703.80219,AEP = 0.01
15638.15095,AEP = 0.01
17536.02507,AEP = 0.01
19076.38689,AEP = 0.01
14544.43234,AEP = 0.01
19464.55643,AEP = 0.01
16369.95778,AEP = 0.01
15431.64169,AEP = 0.01
14672.15789,AEP = 0.01
17781.27195,AEP = 0.01
13045.41998,AEP = 0.01
15077.70336,AEP = 0.01
19692.91448,AEP = 0.01
18770.85765,AEP = 0.01
19911.82293,AEP = 0.01
15530.0551,AEP = 0.01
11434.52431,AEP = 0.01
15917.43741,AEP = 0.01
16303.58802,AEP = 0.01
12233.03744,AEP = 0.01
12910.32176,AEP = 0.01
15956.17003,AEP = 0.01
13990.7198,AEP = 0.01
12141.08486,AEP = 0.01
16866.55252,AEP = 0.01
17206.83101,AEP = 0.01
12657.319,AEP = 0.01
18064.09182,AEP = 0.01
12013.38795,AEP = 0.01
13903.29267,AEP = 0.01
16690.18438,AEP = 0.01
17195.53299,AEP = 0.01
14903.71459,AEP = 0.01
14929.9325,AEP = 0.01
15786.37812,AEP = 0.01
15717.2934,AEP = 0.01
18727.7662,AEP = 0.01
14533.25515,AEP = 0.01
18946.33188,AEP = 0.01
14851.97926,AEP = 0.01
15365.23157,AEP = 0.01
14688.2855,AEP = 0.01
15220.7675,AEP = 0.01
16762.53409,AEP = 0.01
12700.14119,AEP = 0.01
12903.65609,AEP = 0.01
13038.36026,AEP = 0.01
16463.4437,AEP = 0.01
14907.45878,AEP = 0.01
12036.7748,AEP = 0.01
18506.95069,AEP = 0.01
13016.24901,AEP = 0.01
12207.98917,AEP = 0.01
13427.34074,AEP = 0.01
16950.14104,AEP = 0.01
13542.57142,AEP = 0.01
17120.71165,AEP = 0.01
14686.5104,AEP = 0.01
17842.54213,AEP = 0.01
17773.44455,AEP = 0.01
16443.32142,AEP = 0.01
16192.94445,AEP = 0.01
11257.61307,AEP = 0.01
13045.57359,AEP = 0.01
11666.58531,AEP = 0.01
12883.68264,AEP = 0.01
13093.7684,AEP = 0.01
11085.98715,AEP = 0.01
15296.32444,AEP = 0.01
16063.52351,AEP = 0.01
17970.98336,AEP = 0.01
17719.59113,AEP = 0.01
14697.07128,AEP = 0.01
15204.02004,AEP = 0.01
17166.83509,AEP = 0.01
11706.85498,AEP = 0.01
14126.43141,AEP = 0.01
15137.9824,AEP = 0.01
13129.29497,AEP = 0.01
12015.48434,AEP = 0.01
13594.61145,AEP = 0.01
15512.33638,AEP = 0.01
14944.08579,AEP = 0.01
18270.47257,AEP = 0.01
15662.06409,AEP = 0.01
13077.1401,AEP = 0.01
15976.90919,AEP = 0.01
16406.44127,AEP = 0.01
16285.22593,AEP = 0.01
12547.94471,AEP = 0.01
16709.93076,AEP = 0.01
19205.20574,AEP = 0.01
12896.08123,AEP = 0.01
11929.67351,AEP = 0.01
15785.99402,AEP = 0.01
17519.50459,AEP = 0.01
12026.93052,AEP = 0.01
11915.83083,AEP = 0.01
15569.70231,AEP = 0.01
16321.21415,AEP = 0.01
15115.00417,AEP = 0.01
13548.86821,AEP = 0.01
12065.55284,AEP = 0.01
15273.18789,AEP = 0.01
14153.82126,AEP = 0.01
15093.38382,AEP = 0.01
14980.87706,AEP = 0.01
17997.51126,AEP = 0.01
16878.26569,AEP = 0.01
18225.72387,AEP = 0.01
14136.05035,AEP = 0.01
18671.47817,AEP = 0.01
11654.25842,AEP = 0.01
15737.80245,AEP = 0.01
15504.57944,AEP = 0.01
13658.83764,AEP = 0.01
12543.21524,AEP = 0.01
17704.40077,AEP = 0.01
16859.0828,AEP = 0.01
12435.06371,AEP = 0.01
14688.255,AEP = 0.01
17634.52381,AEP = 0.01
15850.63375,AEP = 0.01
18586.26613,AEP = 0.01
18461.36792,AEP = 0.01
15119.68432,AEP = 0.01
12402.076,AEP = 0.01
18439.71803,AEP = 0.01
16319.37283,AEP = 0.01
16331.3972,AEP = 0.01
12283.61602,AEP = 0.01
11886.51141,AEP = 0.1
11847.89721,AEP = 0.1
12084.09328,AEP = 0.1
7899.561948,AEP = 0.1
7976.032859,AEP = 0.1
9979.888637,AEP = 0.1
11498.58511,AEP = 0.1
7720.943191,AEP = 0.1
9757.913426,AEP = 0.1
11878.12267,AEP = 0.1
8299.61809,AEP = 0.1
7865.011381,AEP = 0.1
7954.716995,AEP = 0.1
8276.426378,AEP = 0.1
9652.898983,AEP = 0.1
8130.522729,AEP = 0.1
9596.128957,AEP = 0.1
8443.136486,AEP = 0.1
7589.930709,AEP = 0.1
9473.453086,AEP = 0.1
12030.43298,AEP = 0.1
9432.753747,AEP = 0.1
7724.908359,AEP = 0.1
10044.54797,AEP = 0.1
11413.45211,AEP = 0.1
11553.45638,AEP = 0.1
9702.682886,AEP = 0.1
10048.46228,AEP = 0.1
11523.12556,AEP = 0.1
12028.09433,AEP = 0.1
8055.537898,AEP = 0.1
9584.395604,AEP = 0.1
10007.68894,AEP = 0.1
9925.081983,AEP = 0.1
7977.887573,AEP = 0.1
11796.84384,AEP = 0.1
7498.304247,AEP = 0.1
8278.473625,AEP = 0.1
9703.60656,AEP = 0.1
9471.607231,AEP = 0.1
8092.9467,AEP = 0.1
11373.34765,AEP = 0.1
9346.350007,AEP = 0.1
7823.140052,AEP = 0.1
8151.988593,AEP = 0.1
11975.53823,AEP = 0.1
9870.839152,AEP = 0.1
7608.276816,AEP = 0.1
9851.050617,AEP = 0.1
10029.24875,AEP = 0.1
11754.34023,AEP = 0.1
11160.66284,AEP = 0.1
7997.509437,AEP = 0.1
11868.80755,AEP = 0.1
9435.806317,AEP = 0.1
10378.59211,AEP = 0.1
11221.69957,AEP = 0.1
8132.467298,AEP = 0.1
10164.59807,AEP = 0.1
7884.142279,AEP = 0.1
8254.366761,AEP = 0.1
11981.83137,AEP = 0.1
9289.004013,AEP = 0.1
12109.46701,AEP = 0.1
11502.49083,AEP = 0.1
8140.711002,AEP = 0.1
9670.482628,AEP = 0.1
8121.771271,AEP = 0.1
11374.48304,AEP = 0.1
11962.924,AEP = 0.1
11809.05988,AEP = 0.1
7911.528807,AEP = 0.1
9024.243317,AEP = 0.1
11487.04185,AEP = 0.1
7993.845281,AEP = 0.1
8026.122826,AEP = 0.1
7870.900388,AEP = 0.1
7468.886105,AEP = 0.1
10298.75645,AEP = 0.1
9933.867614,AEP = 0.1
11264.63325,AEP = 0.1
11394.78222,AEP = 0.1
9437.88254,AEP = 0.1
9452.227459,AEP = 0.1
8084.245485,AEP = 0.1
10190.68635,AEP = 0.1
9726.258171,AEP = 0.1
7967.93626,AEP = 0.1
9390.46225,AEP = 0.1
11845.03648,AEP = 0.1
9584.632247,AEP = 0.1
11288.14931,AEP = 0.1
10097.21241,AEP = 0.1
11284.03972,AEP = 0.1
11287.64049,AEP = 0.1
9366.490449,AEP = 0.1
9712.128788,AEP = 0.1
8430.05426,AEP = 0.1
12050.75386,AEP = 0.1
11910.67151,AEP = 0.1
8025.235326,AEP = 0.1
10026.18474,AEP = 0.1
11370.88286,AEP = 0.1
7904.783809,AEP = 0.1
12214.98549,AEP = 0.1
9757.8428,AEP = 0.1
8094.865981,AEP = 0.1
11460.8662,AEP = 0.1
11445.2017,AEP = 0.1
10053.98771,AEP = 0.1
10039.25452,AEP = 0.1
8264.881964,AEP = 0.1
8182.383918,AEP = 0.1
11649.15736,AEP = 0.1
10009.15809,AEP = 0.1
12190.96498,AEP = 0.1
11336.21148,AEP = 0.1
10292.60265,AEP = 0.1
7862.606194,AEP = 0.1
11861.63164,AEP = 0.1
9587.245428,AEP = 0.1
9882.855769,AEP = 0.1
12020.90331,AEP = 0.1
10969.62286,AEP = 0.1
8365.96006,AEP = 0.1
11765.46493,AEP = 0.1
12051.82404,AEP = 0.1
11878.71952,AEP = 0.1
7891.858782,AEP = 0.1
8135.378294,AEP = 0.1
11985.48463,AEP = 0.1
9993.837751,AEP = 0.1
11604.22421,AEP = 0.1
9954.588255,AEP = 0.1
9394.639195,AEP = 0.1
11645.90345,AEP = 0.1
8232.450656,AEP = 0.1
10152.31484,AEP = 0.1
10170.73937,AEP = 0.1
9554.946716,AEP = 0.1
9993.088789,AEP = 0.1
9716.191561,AEP = 0.1
12069.25345,AEP = 0.1
11704.02246,AEP = 0.1
7934.998856,AEP = 0.1
8142.1428,AEP = 0.1
10089.3107,AEP = 0.1
11703.50135,AEP = 0.1
11560.52249,AEP = 0.1
11478.86693,AEP = 0.1
8188.618177,AEP = 0.1
8359.751859,AEP = 0.1
11987.16125,AEP = 0.1
11506.97776,AEP = 0.1
8970.103519,AEP = 0.1
7745.15834,AEP = 0.1
11726.48717,AEP = 0.1
11673.53133,AEP = 0.1
9901.634047,AEP = 0.1
12105.93208,AEP = 0.1
9324.570347,AEP = 0.1
7867.894936,AEP = 0.1
11563.47539,AEP = 0.1
11626.73704,AEP = 0.1
11928.9852,AEP = 0.1
10042.33975,AEP = 0.1
9266.41759,AEP = 0.1
8413.229793,AEP = 0.1
9796.694406,AEP = 0.1
11600.20664,AEP = 0.1
9829.605815,AEP = 0.1
9820.780161,AEP = 0.1
9688.798783,AEP = 0.1
7945.880956,AEP = 0.1
7904.498982,AEP = 0.1
7610.169908,AEP = 0.1
7992.782131,AEP = 0.1
12050.67008,AEP = 0.1
8219.506101,AEP = 0.1
10583.64608,AEP = 0.1
7509.418025,AEP = 0.1
7831.027731,AEP = 0.1
9659.299756,AEP = 0.1
9648.163236,AEP = 0.1
9880.187991,AEP = 0.1
11850.84641,AEP = 0.1
9871.250343,AEP = 0.1
7693.980403,AEP = 0.1
7661.424613,AEP = 0.1
11450.89904,AEP = 0.1
11536.65421,AEP = 0.1
8831.15342,AEP = 0.1
9717.002733,AEP = 0.1
9551.158763,AEP = 0.1
7870.298749,AEP = 0.1
11830.10739,AEP = 0.1
8065.148409,AEP = 0.1
11775.72514,AEP = 0.1
7689.455912,AEP = 0.1
8003.634115,AEP = 0.1
10013.19699,AEP = 0.1
9979.621138,AEP = 0.1
12128.32997,AEP = 0.1
7448.500448,AEP = 0.1
7732.732737,AEP = 0.1
7744.93359,AEP = 0.1
10119.93419,AEP = 0.1
12031.61065,AEP = 0.1
9739.684665,AEP = 0.1
12304.29354,AEP = 0.1
7784.174327,AEP = 0.1
11846.81126,AEP = 0.1
7880.357112,AEP = 0.1
10153.58651,AEP = 0.1
11631.0294,AEP = 0.1
11619.5295,AEP = 0.1
11725.55622,AEP = 0.1
8205.710075,AEP = 0.1
11103.90816,AEP = 0.1
11786.38523,AEP = 0.1
12293.55943,AEP = 0.1
9723.015846,AEP = 0.1
9917.548036,AEP = 0.1
8125.676235,AEP = 0.1
7883.726245,AEP = 0.1
7977.997565,AEP = 0.1
8068.857495,AEP = 0.1
10502.76428,AEP = 0.1
9669.075037,AEP = 0.1
9564.904217,AEP = 0.1
11759.47839,AEP = 0.1
7577.9945,AEP = 0.1
8181.844199,AEP = 0.1
12125.66826,AEP = 0.1
11968.18499,AEP = 0.1
7873.852892,AEP = 0.1
8396.217341,AEP = 0.1
9498.559024,AEP = 0.1
11688.73454,AEP = 0.1
11931.11656,AEP = 0.1
8117.636508,AEP = 0.1
7836.188006,AEP = 0.1
7998.045359,AEP = 0.1
10518.41492,AEP = 0.1
7847.915503,AEP = 0.1
9037.178458,AEP = 0.1
8178.72027,AEP = 0.1
10137.51362,AEP = 0.1
9467.122174,AEP = 0.1
10285.6311,AEP = 0.1
8701.494457,AEP = 0.1
11651.87383,AEP = 0.1
11621.01417,AEP = 0.1
9820.473897,AEP = 0.1
7653.111628,AEP = 0.1
11466.43824,AEP = 0.1
12013.37532,AEP = 0.1
9306.414396,AEP = 0.1
8126.507227,AEP = 0.1
11270.93927,AEP = 0.1
9368.688148,AEP = 0.1
11903.31434,AEP = 0.1
8553.113575,AEP = 0.1
12165.27202,AEP = 0.1
8018.358086,AEP = 0.1
7658.17101,AEP = 0.1
8240.25693,AEP = 0.1
8099.330243,AEP = 0.1
9514.616727,AEP = 0.1
9698.010991,AEP = 0.1
8057.079697,AEP = 0.1
11663.83251,AEP = 0.1
8543.058802,AEP = 0.1
11963.9558,AEP = 0.1
9708.358857,AEP = 0.1
12403.88453,AEP = 0.1
12133.68214,AEP = 0.1
8488.220181,AEP = 0.1
11934.16592,AEP = 0.1
11457.1872,AEP = 0.1
8215.941379,AEP = 0.1
9859.769818,AEP = 0.1
7935.739826,AEP = 0.1
11639.96756,AEP = 0.1
7625.933045,AEP = 0.1
7971.375177,AEP = 0.1
11875.98613,AEP = 0.1
12195.83347,AEP = 0.1
7938.063214,AEP = 0.1
8084.05171,AEP = 0.1
7955.464347,AEP = 0.1
10230.51429,AEP = 0.1
7632.165784,AEP = 0.1
9450.090853,AEP = 0.1
12136.45405,AEP = 0.1
9678.458526,AEP = 0.1
9074.557886,AEP = 0.1
9714.30968,AEP = 0.1
9819.201588,AEP = 0.1
11523.05804,AEP = 0.1
7588.496337,AEP = 0.1
7901.263127,AEP = 0.1
12013.61871,AEP = 0.1
10038.26251,AEP = 0.1
12094.51937,AEP = 0.1
10040.88999,AEP = 0.1
12200.33527,AEP = 0.1
7462.229367,AEP = 0.1
11457.54121,AEP = 0.1
8570.840937,AEP = 0.1
9890.958872,AEP = 0.1
7941.486399,AEP = 0.1
7508.264865,AEP = 0.1
11919.32598,AEP = 0.1
9706.273734,AEP = 0.1
7990.678602,AEP = 0.1
8005.294734,AEP = 0.1
11936.30618,AEP = 0.1
11236.74142,AEP = 0.1
11677.54642,AEP = 0.1
12227.86456,AEP = 0.1
8270.656656,AEP = 0.1
9843.946788,AEP = 0.1
12020.56136,AEP = 0.1
11600.79502,AEP = 0.1
9711.641133,AEP = 0.1
9464.854566,AEP = 0.1
7989.513454,AEP = 0.1
12097.98594,AEP = 0.1
7795.776805,AEP = 0.1
12029.83099,AEP = 0.1
9953.544185,AEP = 0.1
9939.663047,AEP = 0.1
9380.325471,AEP = 0.1
8193.574085,AEP = 0.1
8270.049347,AEP = 0.1
9809.871928,AEP = 0.1
11806.27725,AEP = 0.1
12221.02548,AEP = 0.1
11166.9079,AEP = 0.1
11692.94844,AEP = 0.1
10076.13014,AEP = 0.1
12557.64934,AEP = 0.1
9821.182567,AEP = 0.1
11527.87668,AEP = 0.1
11280.73931,AEP = 0.1
11518.29745,AEP = 0.1
9560.470485,AEP = 0.1
7832.175794,AEP = 0.1
11562.54372,AEP = 0.1
9893.358388,AEP = 0.1
10157.97757,AEP = 0.1
9721.844632,AEP = 0.1
7836.534388,AEP = 0.1
7619.986098,AEP = 0.1
9966.27824,AEP = 0.1
8392.775046,AEP = 0.1
11255.58417,AEP = 0.1
11417.42485,AEP = 0.1
7946.344763,AEP = 0.1
11397.23239,AEP = 0.1
11231.29564,AEP = 0.1
11574.40367,AEP = 0.1
11418.91468,AEP = 0.1
8464.064394,AEP = 0.1
11363.043,AEP = 0.1
10162.85594,AEP = 0.1
7899.060509,AEP = 0.1
9318.987486,AEP = 0.1
10594.49187,AEP = 0.1
7534.481959,AEP = 0.1
9838.919931,AEP = 0.1
9418.880014,AEP = 0.1
10013.64057,AEP = 0.1
8386.952261,AEP = 0.1
10000.72682,AEP = 0.1
9686.458408,AEP = 0.1
11639.53602,AEP = 0.1
9738.460505,AEP = 0.1
9221.478108,AEP = 0.1
11651.25577,AEP = 0.1
7592.554765,AEP = 0.1
11181.73547,AEP = 0.1
9534.382662,AEP = 0.1
11363.54601,AEP = 0.1
8236.185397,AEP = 0.1
8279.454225,AEP = 0.1
11957.817,AEP = 0.1
7925.799711,AEP = 0.1
11526.79774,AEP = 0.1
7718.123475,AEP = 0.1
12307.36448,AEP = 0.1
8342.869249,AEP = 0.1
11887.63595,AEP = 0.1
11816.78597,AEP = 0.1
9591.742162,AEP = 0.1
8423.064571,AEP = 0.1
10311.63948,AEP = 0.1
10275.88743,AEP = 0.1
11544.34365,AEP = 0.1
9581.962263,AEP = 0.1
8008.250531,AEP = 0.1
10145.94261,AEP = 0.1
7804.414579,AEP = 0.1
9901.909445,AEP = 0.1
11616.90411,AEP = 0.1
7695.149437,AEP = 0.1
7754.888938,AEP = 0.1
7486.448304,AEP = 0.1
11581.99006,AEP = 0.1
9930.675631,AEP = 0.1
8613.255724,AEP = 0.1
8101.462629,AEP = 0.1
11674.36363,AEP = 0.1
9424.097569,AEP = 0.1
8090.047701,AEP = 0.1
9742.680206,AEP = 0.1
11919.60594,AEP = 0.1
11916.31224,AEP = 0.1
8224.875971,AEP = 0.1
11662.45191,AEP = 0.1
9768.513677,AEP = 0.1
7917.218206,AEP = 0.1
7710.113136,AEP = 0.1
11740.99449,AEP = 0.1
9891.352483,AEP = 0.1
8256.690467,AEP = 0.1
8144.391739,AEP = 0.1
11555.14756,AEP = 0.1
11856.57656,AEP = 0.1
10399.22068,AEP = 0.1
7666.274681,AEP = 0.1
7747.448066,AEP = 0.1
11656.40742,AEP = 0.1
11400.30274,AEP = 0.1
9990.056254,AEP = 0.1
8318.992426,AEP = 0.1
8192.359369,AEP = 0.1
8002.694756,AEP = 0.1
9632.276328,AEP = 0.1
10344.13924,AEP = 0.1
7768.581777,AEP = 0.1
10445.91114,AEP = 0.1
9201.000372,AEP = 0.1
8894.808446,AEP = 0.1
11362.95646,AEP = 0.1
8215.057951,AEP = 0.1
8303.302385,AEP = 0.1
9419.278813,AEP = 0.1
11125.23346,AEP = 0.1
9744.021682,AEP = 0.1
7868.886002,AEP = 0.1
11770.44368,AEP = 0.1
9338.253498,AEP = 0.1
10191.70096,AEP = 0.1
9444.001448,AEP = 0.1
11485.9779,AEP = 0.1
7834.801599,AEP = 0.1
9901.461539,AEP = 0.1
11729.33256,AEP = 0.1
10174.04123,AEP = 0.1
9966.846662,AEP = 0.1
9916.254367,AEP = 0.1
9831.506024,AEP = 0.1
9692.927881,AEP = 0.1
9683.983244,AEP = 0.1
9051.851825,AEP = 0.1
7607.551417,AEP = 0.1
10006.66714,AEP = 0.1
8410.563343,AEP = 0.1
11338.73695,AEP = 0.1
9697.09739,AEP = 0.1
11687.89841,AEP = 0.1
11931.41748,AEP = 0.1
11776.04188,AEP = 0.1
11157.60805,AEP = 0.1
10004.17663,AEP = 0.1
10032.83624,AEP = 0.1
9881.347331,AEP = 0.1
12237.60767,AEP = 0.1
7819.713597,AEP = 0.1
11641.93127,AEP = 0.1
9588.138459,AEP = 0.1
9412.01435,AEP = 0.1
9615.857941,AEP = 0.1
9365.835466,AEP = 0.1
11310.77524,AEP = 0.1
10253.98015,AEP = 0.1
12261.62673,AEP = 0.1
11298.344,AEP = 0.1
9234.687229,AEP = 0.1
8305.133493,AEP = 0.1
7541.835922,AEP = 0.1
9435.60913,AEP = 0.1
7795.636355,AEP = 0.1
11095.97251,AEP = 0.1
8613.388534,AEP = 0.1
9520.952813,AEP = 0.1
8174.417206,AEP = 0.1
9308.62599,AEP = 0.1
10114.86128,AEP = 0.1
9121.368912,AEP = 0.1
11694.09613,AEP = 0.1
7828.19415,AEP = 0.1
11420.15879,AEP = 0.1
10225.65964,AEP = 0.1
11718.58171,AEP = 0.1
7915.578663,AEP = 0.1
10044.89972,AEP = 0.1
11740.95766,AEP = 0.1
7936.802629,AEP = 0.1
9586.887692,AEP = 0.1
8246.790217,AEP = 0.1
9455.635461,AEP = 0.1
8212.606085,AEP = 0.1
8167.503288,AEP = 0.1
7759.601262,AEP = 0.1
7911.625785,AEP = 0.1
10327.36253,AEP = 0.1
9730.858532,AEP = 0.1
11407.27985,AEP = 0.1
7929.144605,AEP = 0.1
9704.721102,AEP = 0.1
8029.886218,AEP = 0.1
11466.39104,AEP = 0.1
11865.45412,AEP = 0.1
8494.434582,AEP = 0.1
11428.66061,AEP = 0.1
9813.746185,AEP = 0.1
11479.50254,AEP = 0.1
10106.91542,AEP = 0.1
8300.688683,AEP = 0.1
9640.299683,AEP = 0.1
12012.69403,AEP = 0.1
11361.66434,AEP = 0.1
11615.20166,AEP = 0.1
9653.355271,AEP = 0.1
7996.037755,AEP = 0.1
8006.618736,AEP = 0.1
8310.262679,AEP = 0.1
10141.11413,AEP = 0.1
7833.902949,AEP = 0.1
11768.33676,AEP = 0.1
7981.714871,AEP = 0.1
12106.98159,AEP = 0.1
11382.99765,AEP = 0.1
9897.066753,AEP = 0.1
8407.7579,AEP = 0.1
7924.481788,AEP = 0.1
11665.44927,AEP = 0.1
9824.919017,AEP = 0.1
9736.104509,AEP = 0.1
11424.08907,AEP = 0.1
8261.384126,AEP = 0.1
11876.14296,AEP = 0.1
7956.385846,AEP = 0.1
7483.300708,AEP = 0.1
8230.176392,AEP = 0.1
10037.99062,AEP = 0.1
9947.465833,AEP = 0.1
8020.773223,AEP = 0.1
9700.469331,AEP = 0.1
10107.23823,AEP = 0.1
11877.88086,AEP = 0.1
12781.7479,AEP = 0.1
12119.61428,AEP = 0.1
11961.67135,AEP = 0.1
9269.106388,AEP = 0.1
12245.10189,AEP = 0.1
8402.963192,AEP = 0.1
11457.73096,AEP = 0.1
8297.538799,AEP = 0.1
9902.47581,AEP = 0.1
9432.828706,AEP = 0.1
9882.348308,AEP = 0.1
9363.895074,AEP = 0.1
10309.75785,AEP = 0.1
10017.49355,AEP = 0.1
10133.6426,AEP = 0.1
10549.41258,AEP = 0.1
10052.57326,AEP = 0.1
11583.7898,AEP = 0.1
9740.701812,AEP = 0.1
9729.037531,AEP = 0.1
11515.21313,AEP = 0.1
12324.05824,AEP = 0.1
12258.4412,AEP = 0.1
11548.96977,AEP = 0.1
11721.43527,AEP = 0.1
7961.194408,AEP = 0.1
8113.502215,AEP = 0.1
7648.176564,AEP = 0.1
11580.53971,AEP = 0.1
7646.730266,AEP = 0.1
9836.293081,AEP = 0.1
7447.244463,AEP = 0.1
7888.217204,AEP = 0.1
9267.369414,AEP = 0.1
12007.68449,AEP = 0.1
8366.600727,AEP = 0.1
11961.93338,AEP = 0.1
9746.632963,AEP = 0.1
10630.2383,AEP = 0.1
11523.11183,AEP = 0.1
9443.404293,AEP = 0.1
10971.42542,AEP = 0.1
10184.56194,AEP = 0.1
8518.727533,AEP = 0.1
7879.417645,AEP = 0.1
11720.93635,AEP = 0.1
7576.32116,AEP = 0.1
7423.032961,AEP = 0.1
7978.951534,AEP = 0.1
8708.089873,AEP = 0.1
8073.439553,AEP = 0.1
9821.998997,AEP = 0.1
11721.49504,AEP = 0.1
11471.84012,AEP = 0.1
9508.279663,AEP = 0.1
12150.69477,AEP = 0.1
11823.19261,AEP = 0.1
10389.88113,AEP = 0.1
8143.366641,AEP = 0.1
7691.493287,AEP = 0.1
7815.853934,AEP = 0.1
11691.91671,AEP = 0.1
12051.80051,AEP = 0.1
11504.98148,AEP = 0.1
11799.7701,AEP = 0.1
8113.864794,AEP = 0.1
9627.19626,AEP = 0.1
10164.59412,AEP = 0.1
10167.40394,AEP = 0.1
12472.8612,AEP = 0.1
7778.850773,AEP = 0.1
11799.85512,AEP = 0.1
12050.73982,AEP = 0.1
11610.07654,AEP = 0.1
11463.76776,AEP = 0.1
11974.81727,AEP = 0.1
9471.426948,AEP = 0.1
12187.2911,AEP = 0.1
8056.219001,AEP = 0.1
9333.65339,AEP = 0.1
12780.5824,AEP = 0.1
11813.52067,AEP = 0.1
7778.790535,AEP = 0.1
8212.389508,AEP = 0.1
9913.687303,AEP = 0.1
11691.08173,AEP = 0.1
7753.274508,AEP = 0.1
7951.034056,AEP = 0.1
9422.858375,AEP = 0.1
8195.871145,AEP = 0.1
9497.23527,AEP = 0.1
7855.967562,AEP = 0.1
9940.339367,AEP = 0.1
8237.610375,AEP = 0.1
9470.007641,AEP = 0.1
10012.79897,AEP = 0.1
8317.281696,AEP = 0.1
8320.254551,AEP = 0.1
8029.663452,AEP = 0.1
7616.883743,AEP = 0.1
9117.814065,AEP = 0.1
7901.086891,AEP = 0.1
7890.822971,AEP = 0.1
9197.046771,AEP = 0.1
11763.38151,AEP = 0.1
9846.620001,AEP = 0.1
9568.161037,AEP = 0.1
11814.64115,AEP = 0.1
9936.145657,AEP = 0.1
7729.891029,AEP = 0.1
9488.332414,AEP = 0.1
8370.512185,AEP = 0.1
7572.053313,AEP = 0.1
7928.039783,AEP = 0.1
9854.701253,AEP = 0.1
10301.86802,AEP = 0.1
7782.545174,AEP = 0.1
7852.596689,AEP = 0.1
9714.359229,AEP = 0.1
10064.68748,AEP = 0.1
9520.209592,AEP = 0.1
11842.85773,AEP = 0.1
10531.06472,AEP = 0.1
11610.80812,AEP = 0.1
7898.359792,AEP = 0.1
8250.762776,AEP = 0.1
9644.830813,AEP = 0.1
9788.203092,AEP = 0.1
7820.305244,AEP = 0.1
9764.812253,AEP = 0.1
7697.410012,AEP = 0.1
7794.350305,AEP = 0.1
7902.296523,AEP = 0.1
10370.36473,AEP = 0.1
7947.643536,AEP = 0.1
9421.358368,AEP = 0.1
9530.243489,AEP = 0.1
9602.39691,AEP = 0.1
12066.30053,AEP = 0.1
12112.16046,AEP = 0.1
7821.37368,AEP = 0.1
8450.320174,AEP = 0.1
8228.982933,AEP = 0.1
7693.884898,AEP = 0.1
7810.559541,AEP = 0.1
11374.20938,AEP = 0.1
11847.19705,AEP = 0.1
8222.480878,AEP = 0.1
8113.524161,AEP = 0.1
9259.80287,AEP = 0.1
9552.897365,AEP = 0.1
11442.32944,AEP = 0.1
12114.8173,AEP = 0.1
8542.075105,AEP = 0.1
8309.903025,AEP = 0.1
12311.3973,AEP = 0.1
10312.23467,AEP = 0.1
7667.485048,AEP = 0.1
11853.8506,AEP = 0.1
8138.29258,AEP = 0.1
11804.63657,AEP = 0.1
9666.510412,AEP = 0.1
9172.822562,AEP = 0.1
8085.087563,AEP = 0.1
9894.487602,AEP = 0.1
10970.62693,AEP = 0.1
9359.428219,AEP = 0.1
9551.490331,AEP = 0.1
8020.399018,AEP = 0.1
9961.838175,AEP = 0.1
11729.8234,AEP = 0.1
8322.35025,AEP = 0.1
11867.41087,AEP = 0.1
7365.502775,AEP = 0.1
8212.063286,AEP = 0.1
11614.65217,AEP = 0.1
7965.734044,AEP = 0.1
12041.34193,AEP = 0.1
12055.07207,AEP = 0.1
11372.8223,AEP = 0.1
9648.937361,AEP = 0.1
11600.51467,AEP = 0.1
8274.064997,AEP = 0.1
9553.323096,AEP = 0.1
9821.70381,AEP = 0.1
12269.39669,AEP = 0.1
7982.440424,AEP = 0.1
11466.15132,AEP = 0.1
11530.23649,AEP = 0.1
12163.25002,AEP = 0.1
7621.499972,AEP = 0.1
9584.958858,AEP = 0.1
8533.995381,AEP = 0.1
11607.31158,AEP = 0.1
11692.99061,AEP = 0.1
10049.94516,AEP = 0.1
8368.660746,AEP = 0.1
9282.079871,AEP = 0.1
10098.12752,AEP = 0.1
12129.87275,AEP = 0.1
11646.01992,AEP = 0.1
7532.018244,AEP = 0.1
9158.812376,AEP = 0.1
9369.192338,AEP = 0.1
8150.097095,AEP = 0.1
9910.111115,AEP = 0.1
12076.48082,AEP = 0.1
9845.563478,AEP = 0.1
9787.762459,AEP = 0.1
9362.155037,AEP = 0.1
10046.39188,AEP = 0.1
8077.102344,AEP = 0.1
8138.909837,AEP = 0.1
7643.141345,AEP = 0.1
11074.45861,AEP = 0.1
7585.254846,AEP = 0.1
10200.646,AEP = 0.1
8034.724649,AEP = 0.1
8016.511002,AEP = 0.1
12222.69326,AEP = 0.1
11525.75307,AEP = 0.1
8298.366796,AEP = 0.1
8229.820856,AEP = 0.1
8242.753046,AEP = 0.1
7729.544014,AEP = 0.1
8146.570066,AEP = 0.1
10225.65351,AEP = 0.1
7992.966065,AEP = 0.1
12281.2664,AEP = 0.1
11724.43304,AEP = 0.1
9501.531886,AEP = 0.1
7989.444236,AEP = 0.1
9354.047336,AEP = 0.1
9880.226804,AEP = 0.1
9518.675728,AEP = 0.1
9294.306978,AEP = 0.1
9805.518255,AEP = 0.1
10208.12205,AEP = 0.1
9658.908372,AEP = 0.1
9653.469502,AEP = 0.1
9135.347964,AEP = 0.1
11991.64945,AEP = 0.1
9879.746249,AEP = 0.1
9361.812228,AEP = 0.1
7922.639515,AEP = 0.1
9211.904552,AEP = 0.1
7454.139473,AEP = 0.1
9724.589332,AEP = 0.1
9666.131534,AEP = 0.1
8097.778231,AEP = 0.1
9331.154001,AEP = 0.1
9930.280433,AEP = 0.1
9275.65902,AEP = 0.1
11295.96225,AEP = 0.1
7904.687951,AEP = 0.1
9892.240868,AEP = 0.1
12337.55609,AEP = 0.1
9441.482341,AEP = 0.1
9742.645359,AEP = 0.1
11785.2923,AEP = 0.1
11536.70139,AEP = 0.1
10922.74121,AEP = 0.1
10117.69183,AEP = 0.1
9483.381579,AEP = 0.1
11824.81823,AEP = 0.1
9282.521987,AEP = 0.1
11559.86321,AEP = 0.1
11450.43502,AEP = 0.1
7696.392615,AEP = 0.1
11920.83093,AEP = 0.1
11370.39432,AEP = 0.1
9191.208295,AEP = 0.1
7681.317835,AEP = 0.1
7664.843921,AEP = 0.1
11796.14156,AEP = 0.1
11488.85944,AEP = 0.1
11715.85253,AEP = 0.1
12272.32366,AEP = 0.1
8094.339555,AEP = 0.1
11938.81669,AEP = 0.1
8134.390345,AEP = 0.1
8308.74224,AEP = 0.1
9554.620905,AEP = 0.1
7822.973675,AEP = 0.1
8451.694351,AEP = 0.1
11849.77846,AEP = 0.1
7565.366593,AEP = 0.1
7766.715815,AEP = 0.1
7988.421587,AEP = 0.1
11642.00929,AEP = 0.1
8131.866114,AEP = 0.1
8605.788457,AEP = 0.1
7854.862211,AEP = 0.1
7799.538857,AEP = 0.1
11700.40818,AEP = 0.1
7764.948278,AEP = 0.1
10086.91963,AEP = 0.1
8127.815568,AEP = 0.1
8032.860651,AEP = 0.1
11592.44265,AEP = 0.1
11418.10859,AEP = 0.1
11282.89292,AEP = 0.1
12011.51355,AEP = 0.1
8111.822993,AEP = 0.1
8078.200549,AEP = 0.1
9658.834246,AEP = 0.1
9939.865724,AEP = 0.1
9498.707566,AEP = 0.1
9727.992274,AEP = 0.1
9401.336236,AEP = 0.1
9471.481928,AEP = 0.1
10005.41212,AEP = 0.1
9605.092914,AEP = 0.1
9680.857009,AEP = 0.1
11794.29444,AEP = 0.1
8068.032435,AEP = 0.1
11793.72267,AEP = 0.1
9813.312151,AEP = 0.1
7736.099983,AEP = 0.1
12104.89652,AEP = 0.1
9487.139296,AEP = 0.1
11692.98833,AEP = 0.1
7939.306733,AEP = 0.1
11471.88289,AEP = 0.1
9629.37368,AEP = 0.1
7602.048746,AEP = 0.1
9558.102407,AEP = 0.1
9586.170947,AEP = 0.1
9895.028551,AEP = 0.1
9568.051117,AEP = 0.1
9589.666714,AEP = 0.1
8011.967467,AEP = 0.1
12109.20452,AEP = 0.1
11472.78126,AEP = 0.1
8031.347355,AEP = 0.1
9774.448892,AEP = 0.1
11814.9955,AEP = 0.1
8345.686423,AEP = 0.1
11792.43587,AEP = 0.1
11859.32455,AEP = 0.1
9611.708125,AEP = 0.1
7918.996322,AEP = 0.1
8246.602928,AEP = 0.1
9781.223223,AEP = 0.1
7997.533125,AEP = 0.1
11769.87812,AEP = 0.1
7989.266988,AEP = 0.1
9835.17391,AEP = 0.1
7633.370587,AEP = 0.1
11667.34273,AEP = 0.1
11597.27072,AEP = 0.1
10139.68198,AEP = 0.1
8249.016399,AEP = 0.1
9391.569186,AEP = 0.1
9362.970919,AEP = 0.1
10298.63499,AEP = 0.1
9645.325471,AEP = 0.1
11463.04078,AEP = 0.1
11597.65461,AEP = 0.1
9902.659064,AEP = 0.1
7969.830294,AEP = 0.1
9645.943659,AEP = 0.1
7937.15339,AEP = 0.1
10046.89005,AEP = 0.1
7825.71347,AEP = 0.1
7985.24015,AEP = 0.1
10407.48551,AEP = 0.1
11016.96524,AEP = 0.1
9783.489943,AEP = 0.1
7276.686391,AEP = 0.1
8957.443794,AEP = 0.1
8112.672656,AEP = 0.1
11745.76739,AEP = 0.1
7743.144207,AEP = 0.1
11556.5619,AEP = 0.1
8027.486187,AEP = 0.1
10043.64199,AEP = 0.1
7578.339147,AEP = 0.1
8002.774452,AEP = 0.1
7784.320717,AEP = 0.1
9283.659427,AEP = 0.1
10005.53619,AEP = 0.1
9946.140053,AEP = 0.1
8079.754952,AEP = 0.1
8064.053391,AEP = 0.1
11452.34823,AEP = 0.1
8078.462149,AEP = 0.1
7984.193444,AEP = 0.1
9701.551682,AEP = 0.1
11064.54487,AEP = 0.1
12055.55333,AEP = 0.1
11395.12631,AEP = 0.1
11853.24806,AEP = 0.1
9647.670704,AEP = 0.1
11618.97705,AEP = 0.1
11595.17128,AEP = 0.1
9737.085214,AEP = 0.1
12522.96699,AEP = 0.1
9837.416626,AEP = 0.1
11870.77793,AEP = 0.1
11223.20746,AEP = 0.1
11451.80256,AEP = 0.1
11778.40491,AEP = 0.1
11035.40234,AEP = 0.1
12079.41951,AEP = 0.1
8032.710449,AEP = 0.1
7621.003146,AEP = 0.1
8492.293839,AEP = 0.1
9711.247057,AEP = 0.1
7802.128824,AEP = 0.1
7853.141176,AEP = 0.1
7825.504829,AEP = 0.1
7747.271815,AEP = 0.1
9503.048501,AEP = 0.1
9755.559693,AEP = 0.1
9536.106116,AEP = 0.1
10310.75755,AEP = 0.1
9933.610993,AEP = 0.1
9994.426199,AEP = 0.1
11220.45288,AEP = 0.1
11869.94233,AEP = 0.1
9899.603993,AEP = 0.1
7845.068428,AEP = 0.1
8328.007752,AEP = 0.1
7975.940612,AEP = 0.1
11381.98041,AEP = 0.1
11548.21921,AEP = 0.1
9732.468616,AEP = 0.1
11074.37745,AEP = 0.1
9793.434535,AEP = 0.1
7876.495959,AEP = 0.1
11707.66555,AEP = 0.1
8183.425411,AEP = 0.1
7443.348002,AEP = 0.1
7983.134328,AEP = 0.1
8029.902212,AEP = 0.1
